county,is_business,product_type,target,is_consumption,datetime,data_block_id,row_id,prediction_unit_id
0,0,1,2.675,0,2023-05-26 00:00:00,634,1999536,0
0,0,1,471.887,1,2023-05-26 00:00:00,634,1999537,0
0,0,2,0.0,0,2023-05-26 00:00:00,634,1999538,1
0,0,2,5.414,1,2023-05-26 00:00:00,634,1999539,1
0,0,3,13.899,0,2023-05-26 00:00:00,634,1999540,2
0,0,3,1285.843,1,2023-05-26 00:00:00,634,1999541,2
0,1,0,0.0,0,2023-05-26 00:00:00,634,1999542,3
0,1,0,468.699,1,2023-05-26 00:00:00,634,1999543,3
0,1,1,0.0,0,2023-05-26 00:00:00,634,1999544,4
0,1,1,762.771,1,2023-05-26 00:00:00,634,1999545,4
0,1,2,0.0,0,2023-05-26 00:00:00,634,1999546,61
0,1,2,10.4,1,2023-05-26 00:00:00,634,1999547,61
0,1,3,8.891,0,2023-05-26 00:00:00,634,1999548,5
0,1,3,7136.604,1,2023-05-26 00:00:00,634,1999549,5
0,0,1,2.138,0,2023-05-26 01:00:00,634,1999668,0
0,0,1,435.546,1,2023-05-26 01:00:00,634,1999669,0
0,0,2,0.0,0,2023-05-26 01:00:00,634,1999670,1
0,0,2,5.049,1,2023-05-26 01:00:00,634,1999671,1
0,0,3,11.006,0,2023-05-26 01:00:00,634,1999672,2
0,0,3,1183.091,1,2023-05-26 01:00:00,634,1999673,2
0,1,0,0.0,0,2023-05-26 01:00:00,634,1999674,3
0,1,0,464.341,1,2023-05-26 01:00:00,634,1999675,3
0,1,1,0.0,0,2023-05-26 01:00:00,634,1999676,4
0,1,1,726.666,1,2023-05-26 01:00:00,634,1999677,4
0,1,2,0.0,0,2023-05-26 01:00:00,634,1999678,61
0,1,2,10.316,1,2023-05-26 01:00:00,634,1999679,61
0,1,3,1.882,0,2023-05-26 01:00:00,634,1999680,5
0,1,3,6888.295,1,2023-05-26 01:00:00,634,1999681,5
0,0,1,1.24,0,2023-05-26 02:00:00,634,1999800,0
0,0,1,435.262,1,2023-05-26 02:00:00,634,1999801,0
0,0,2,0.0,0,2023-05-26 02:00:00,634,1999802,1
0,0,2,5.938,1,2023-05-26 02:00:00,634,1999803,1
0,0,3,11.69,0,2023-05-26 02:00:00,634,1999804,2
0,0,3,1165.115,1,2023-05-26 02:00:00,634,1999805,2
0,1,0,0.0,0,2023-05-26 02:00:00,634,1999806,3
0,1,0,446.274,1,2023-05-26 02:00:00,634,1999807,3
0,1,1,0.0,0,2023-05-26 02:00:00,634,1999808,4
0,1,1,694.958,1,2023-05-26 02:00:00,634,1999809,4
0,1,2,0.0,0,2023-05-26 02:00:00,634,1999810,61
0,1,2,7.669,1,2023-05-26 02:00:00,634,1999811,61
0,1,3,0.753,0,2023-05-26 02:00:00,634,1999812,5
0,1,3,6691.855,1,2023-05-26 02:00:00,634,1999813,5
0,0,1,1.983,0,2023-05-26 03:00:00,634,1999932,0
0,0,1,447.558,1,2023-05-26 03:00:00,634,1999933,0
0,0,2,0.0,0,2023-05-26 03:00:00,634,1999934,1
0,0,2,3.986,1,2023-05-26 03:00:00,634,1999935,1
0,0,3,8.28,0,2023-05-26 03:00:00,634,1999936,2
0,0,3,1190.701,1,2023-05-26 03:00:00,634,1999937,2
0,1,0,0.0,0,2023-05-26 03:00:00,634,1999938,3
0,1,0,460.645,1,2023-05-26 03:00:00,634,1999939,3
0,1,1,0.0,0,2023-05-26 03:00:00,634,1999940,4
0,1,1,728.056,1,2023-05-26 03:00:00,634,1999941,4
0,1,2,0.0,0,2023-05-26 03:00:00,634,1999942,61
0,1,2,8.952,1,2023-05-26 03:00:00,634,1999943,61
0,1,3,0.809,0,2023-05-26 03:00:00,634,1999944,5
0,1,3,6686.457,1,2023-05-26 03:00:00,634,1999945,5
0,0,1,2.163,0,2023-05-26 04:00:00,634,2000064,0
0,0,1,434.749,1,2023-05-26 04:00:00,634,2000065,0
0,0,2,0.001,0,2023-05-26 04:00:00,634,2000066,1
0,0,2,3.743,1,2023-05-26 04:00:00,634,2000067,1
0,0,3,13.86,0,2023-05-26 04:00:00,634,2000068,2
0,0,3,1472.856,1,2023-05-26 04:00:00,634,2000069,2
0,1,0,0.124,0,2023-05-26 04:00:00,634,2000070,3
0,1,0,427.679,1,2023-05-26 04:00:00,634,2000071,3
0,1,1,0.251,0,2023-05-26 04:00:00,634,2000072,4
0,1,1,672.76,1,2023-05-26 04:00:00,634,2000073,4
0,1,2,0.006,0,2023-05-26 04:00:00,634,2000074,61
0,1,2,11.056,1,2023-05-26 04:00:00,634,2000075,61
0,1,3,2.712,0,2023-05-26 04:00:00,634,2000076,5
0,1,3,6339.385,1,2023-05-26 04:00:00,634,2000077,5
0,0,1,38.125,0,2023-05-26 05:00:00,634,2000196,0
0,0,1,391.212,1,2023-05-26 05:00:00,634,2000197,0
0,0,2,0.295,0,2023-05-26 05:00:00,634,2000198,1
0,0,2,2.64,1,2023-05-26 05:00:00,634,2000199,1
0,0,3,146.366,0,2023-05-26 05:00:00,634,2000200,2
0,0,3,1209.898,1,2023-05-26 05:00:00,634,2000201,2
0,1,0,3.301,0,2023-05-26 05:00:00,634,2000202,3
0,1,0,409.314,1,2023-05-26 05:00:00,634,2000203,3
0,1,1,11.338,0,2023-05-26 05:00:00,634,2000204,4
0,1,1,715.033,1,2023-05-26 05:00:00,634,2000205,4
0,1,2,0.227,0,2023-05-26 05:00:00,634,2000206,61
0,1,2,13.744,1,2023-05-26 05:00:00,634,2000207,61
0,1,3,79.828,0,2023-05-26 05:00:00,634,2000208,5
0,1,3,6077.779,1,2023-05-26 05:00:00,634,2000209,5
0,0,1,207.999,0,2023-05-26 06:00:00,634,2000328,0
0,0,1,314.265,1,2023-05-26 06:00:00,634,2000329,0
0,0,2,1.578,0,2023-05-26 06:00:00,634,2000330,1
0,0,2,1.975,1,2023-05-26 06:00:00,634,2000331,1
0,0,3,729.902,0,2023-05-26 06:00:00,634,2000332,2
0,0,3,807.96,1,2023-05-26 06:00:00,634,2000333,2
0,1,0,21.525,0,2023-05-26 06:00:00,634,2000334,3
0,1,0,500.263,1,2023-05-26 06:00:00,634,2000335,3
0,1,1,61.517,0,2023-05-26 06:00:00,634,2000336,4
0,1,1,682.963,1,2023-05-26 06:00:00,634,2000337,4
0,1,2,2.785,0,2023-05-26 06:00:00,634,2000338,61
0,1,2,5.533,1,2023-05-26 06:00:00,634,2000339,61
0,1,3,484.887,0,2023-05-26 06:00:00,634,2000340,5
0,1,3,6359.529,1,2023-05-26 06:00:00,634,2000341,5
0,0,1,474.2,0,2023-05-26 07:00:00,634,2000460,0
0,0,1,276.59,1,2023-05-26 07:00:00,634,2000461,0
0,0,2,3.208,0,2023-05-26 07:00:00,634,2000462,1
0,0,2,2.444,1,2023-05-26 07:00:00,634,2000463,1
0,0,3,1694.536,0,2023-05-26 07:00:00,634,2000464,2
0,0,3,569.66,1,2023-05-26 07:00:00,634,2000465,2
0,1,0,60.643,0,2023-05-26 07:00:00,634,2000466,3
0,1,0,744.836,1,2023-05-26 07:00:00,634,2000467,3
0,1,1,122.507,0,2023-05-26 07:00:00,634,2000468,4
0,1,1,822.519,1,2023-05-26 07:00:00,634,2000469,4
0,1,2,5.125,0,2023-05-26 07:00:00,634,2000470,61
0,1,2,9.627,1,2023-05-26 07:00:00,634,2000471,61
0,1,3,950.874,0,2023-05-26 07:00:00,634,2000472,5
0,1,3,7080.439,1,2023-05-26 07:00:00,634,2000473,5
0,0,1,448.879,0,2023-05-26 08:00:00,634,2000592,0
0,0,1,277.522,1,2023-05-26 08:00:00,634,2000593,0
0,0,2,4.177,0,2023-05-26 08:00:00,634,2000594,1
0,0,2,2.308,1,2023-05-26 08:00:00,634,2000595,1
0,0,3,1553.482,0,2023-05-26 08:00:00,634,2000596,2
0,0,3,659.628,1,2023-05-26 08:00:00,634,2000597,2
0,1,0,55.866,0,2023-05-26 08:00:00,634,2000598,3
0,1,0,836.245,1,2023-05-26 08:00:00,634,2000599,3
0,1,1,79.908,0,2023-05-26 08:00:00,634,2000600,4
0,1,1,1108.545,1,2023-05-26 08:00:00,634,2000601,4
0,1,2,3.305,0,2023-05-26 08:00:00,634,2000602,61
0,1,2,9.483,1,2023-05-26 08:00:00,634,2000603,61
0,1,3,781.675,0,2023-05-26 08:00:00,634,2000604,5
0,1,3,9814.25,1,2023-05-26 08:00:00,634,2000605,5
0,0,1,613.967,0,2023-05-26 09:00:00,634,2000724,0
0,0,1,245.85,1,2023-05-26 09:00:00,634,2000725,0
0,0,2,4.257,0,2023-05-26 09:00:00,634,2000726,1
0,0,2,1.967,1,2023-05-26 09:00:00,634,2000727,1
0,0,3,2355.063,0,2023-05-26 09:00:00,634,2000728,2
0,0,3,532.153,1,2023-05-26 09:00:00,634,2000729,2
0,1,0,89.904,0,2023-05-26 09:00:00,634,2000730,3
0,1,0,1026.682,1,2023-05-26 09:00:00,634,2000731,3
0,1,1,104.762,0,2023-05-26 09:00:00,634,2000732,4
0,1,1,1166.537,1,2023-05-26 09:00:00,634,2000733,4
0,1,2,5.999,0,2023-05-26 09:00:00,634,2000734,61
0,1,2,12.639,1,2023-05-26 09:00:00,634,2000735,61
0,1,3,1277.628,0,2023-05-26 09:00:00,634,2000736,5
0,1,3,10689.082,1,2023-05-26 09:00:00,634,2000737,5
0,0,1,1915.367,0,2023-05-26 10:00:00,634,2000856,0
0,0,1,121.996,1,2023-05-26 10:00:00,634,2000857,0
0,0,2,18.412,0,2023-05-26 10:00:00,634,2000858,1
0,0,2,2.28,1,2023-05-26 10:00:00,634,2000859,1
0,0,3,6856.239,0,2023-05-26 10:00:00,634,2000860,2
0,0,3,244.786,1,2023-05-26 10:00:00,634,2000861,2
0,1,0,249.268,0,2023-05-26 10:00:00,634,2000862,3
0,1,0,859.767,1,2023-05-26 10:00:00,634,2000863,3
0,1,1,568.93,0,2023-05-26 10:00:00,634,2000864,4
0,1,1,738.775,1,2023-05-26 10:00:00,634,2000865,4
0,1,2,27.638,0,2023-05-26 10:00:00,634,2000866,61
0,1,2,5.139,1,2023-05-26 10:00:00,634,2000867,61
0,1,3,4727.3,0,2023-05-26 10:00:00,634,2000868,5
0,1,3,7708.289,1,2023-05-26 10:00:00,634,2000869,5
0,0,1,2304.143,0,2023-05-26 11:00:00,634,2000988,0
0,0,1,105.682,1,2023-05-26 11:00:00,634,2000989,0
0,0,2,21.889,0,2023-05-26 11:00:00,634,2000990,1
0,0,2,1.078,1,2023-05-26 11:00:00,634,2000991,1
0,0,3,7617.317,0,2023-05-26 11:00:00,634,2000992,2
0,0,3,228.958,1,2023-05-26 11:00:00,634,2000993,2
0,1,0,263.375,0,2023-05-26 11:00:00,634,2000994,3
0,1,0,746.585,1,2023-05-26 11:00:00,634,2000995,3
0,1,1,723.514,0,2023-05-26 11:00:00,634,2000996,4
0,1,1,652.785,1,2023-05-26 11:00:00,634,2000997,4
0,1,2,27.051,0,2023-05-26 11:00:00,634,2000998,61
0,1,2,4.456,1,2023-05-26 11:00:00,634,2000999,61
0,1,3,5111.352,0,2023-05-26 11:00:00,634,2001000,5
0,1,3,7541.659,1,2023-05-26 11:00:00,634,2001001,5
0,0,1,2142.12,0,2023-05-26 12:00:00,634,2001120,0
0,0,1,117.084,1,2023-05-26 12:00:00,634,2001121,0
0,0,2,15.28,0,2023-05-26 12:00:00,634,2001122,1
0,0,2,1.38,1,2023-05-26 12:00:00,634,2001123,1
0,0,3,7275.153,0,2023-05-26 12:00:00,634,2001124,2
0,0,3,328.671,1,2023-05-26 12:00:00,634,2001125,2
0,1,0,242.852,0,2023-05-26 12:00:00,634,2001126,3
0,1,0,790.317,1,2023-05-26 12:00:00,634,2001127,3
0,1,1,694.693,0,2023-05-26 12:00:00,634,2001128,4
0,1,1,600.043,1,2023-05-26 12:00:00,634,2001129,4
0,1,2,35.443,0,2023-05-26 12:00:00,634,2001130,61
0,1,2,1.957,1,2023-05-26 12:00:00,634,2001131,61
0,1,3,5266.777,0,2023-05-26 12:00:00,634,2001132,5
0,1,3,7323.523,1,2023-05-26 12:00:00,634,2001133,5
0,0,1,2922.162,0,2023-05-26 13:00:00,634,2001252,0
0,0,1,82.869,1,2023-05-26 13:00:00,634,2001253,0
0,0,2,20.43,0,2023-05-26 13:00:00,634,2001254,1
0,0,2,1.001,1,2023-05-26 13:00:00,634,2001255,1
0,0,3,9560.706,0,2023-05-26 13:00:00,634,2001256,2
0,0,3,247.158,1,2023-05-26 13:00:00,634,2001257,2
0,1,0,320.98,0,2023-05-26 13:00:00,634,2001258,3
0,1,0,556.493,1,2023-05-26 13:00:00,634,2001259,3
0,1,1,957.275,0,2023-05-26 13:00:00,634,2001260,4
0,1,1,444.788,1,2023-05-26 13:00:00,634,2001261,4
0,1,2,53.712,0,2023-05-26 13:00:00,634,2001262,61
0,1,2,0.0,1,2023-05-26 13:00:00,634,2001263,61
0,1,3,7041.914,0,2023-05-26 13:00:00,634,2001264,5
0,1,3,6015.08,1,2023-05-26 13:00:00,634,2001265,5
0,0,1,3179.593,0,2023-05-26 14:00:00,634,2001384,0
0,0,1,81.95,1,2023-05-26 14:00:00,634,2001385,0
0,0,2,22.178,0,2023-05-26 14:00:00,634,2001386,1
0,0,2,2.031,1,2023-05-26 14:00:00,634,2001387,1
0,0,3,10299.658,0,2023-05-26 14:00:00,634,2001388,2
0,0,3,236.213,1,2023-05-26 14:00:00,634,2001389,2
0,1,0,381.802,0,2023-05-26 14:00:00,634,2001390,3
0,1,0,522.121,1,2023-05-26 14:00:00,634,2001391,3
0,1,1,1084.198,0,2023-05-26 14:00:00,634,2001392,4
0,1,1,424.551,1,2023-05-26 14:00:00,634,2001393,4
0,1,2,48.914,0,2023-05-26 14:00:00,634,2001394,61
0,1,2,0.001,1,2023-05-26 14:00:00,634,2001395,61
0,1,3,7524.854,0,2023-05-26 14:00:00,634,2001396,5
0,1,3,5700.701,1,2023-05-26 14:00:00,634,2001397,5
0,0,1,2863.925,0,2023-05-26 15:00:00,634,2001516,0
0,0,1,85.259,1,2023-05-26 15:00:00,634,2001517,0
0,0,2,22.475,0,2023-05-26 15:00:00,634,2001518,1
0,0,2,1.233,1,2023-05-26 15:00:00,634,2001519,1
0,0,3,9412.072,0,2023-05-26 15:00:00,634,2001520,2
0,0,3,294.2,1,2023-05-26 15:00:00,634,2001521,2
0,1,0,355.513,0,2023-05-26 15:00:00,634,2001522,3
0,1,0,507.102,1,2023-05-26 15:00:00,634,2001523,3
0,1,1,1031.827,0,2023-05-26 15:00:00,634,2001524,4
0,1,1,424.068,1,2023-05-26 15:00:00,634,2001525,4
0,1,2,48.597,0,2023-05-26 15:00:00,634,2001526,61
0,1,2,0.017,1,2023-05-26 15:00:00,634,2001527,61
0,1,3,6841.446,0,2023-05-26 15:00:00,634,2001528,5
0,1,3,5887.643,1,2023-05-26 15:00:00,634,2001529,5
0,0,1,2408.535,0,2023-05-26 16:00:00,634,2001648,0
0,0,1,109.284,1,2023-05-26 16:00:00,634,2001649,0
0,0,2,17.925,0,2023-05-26 16:00:00,634,2001650,1
0,0,2,1.119,1,2023-05-26 16:00:00,634,2001651,1
0,0,3,8065.625,0,2023-05-26 16:00:00,634,2001652,2
0,0,3,324.593,1,2023-05-26 16:00:00,634,2001653,2
0,1,0,298.376,0,2023-05-26 16:00:00,634,2001654,3
0,1,0,501.53,1,2023-05-26 16:00:00,634,2001655,3
0,1,1,843.113,0,2023-05-26 16:00:00,634,2001656,4
0,1,1,458.19,1,2023-05-26 16:00:00,634,2001657,4
0,1,2,38.376,0,2023-05-26 16:00:00,634,2001658,61
0,1,2,0.18,1,2023-05-26 16:00:00,634,2001659,61
0,1,3,5795.432,0,2023-05-26 16:00:00,634,2001660,5
0,1,3,6050.408,1,2023-05-26 16:00:00,634,2001661,5
0,0,1,1758.067,0,2023-05-26 17:00:00,634,2001780,0
0,0,1,161.222,1,2023-05-26 17:00:00,634,2001781,0
0,0,2,12.451,0,2023-05-26 17:00:00,634,2001782,1
0,0,2,2.409,1,2023-05-26 17:00:00,634,2001783,1
0,0,3,6028.593,0,2023-05-26 17:00:00,634,2001784,2
0,0,3,424.219,1,2023-05-26 17:00:00,634,2001785,2
0,1,0,257.494,0,2023-05-26 17:00:00,634,2001786,3
0,1,0,476.782,1,2023-05-26 17:00:00,634,2001787,3
0,1,1,670.167,0,2023-05-26 17:00:00,634,2001788,4
0,1,1,482.818,1,2023-05-26 17:00:00,634,2001789,4
0,1,2,21.808,0,2023-05-26 17:00:00,634,2001790,61
0,1,2,1.995,1,2023-05-26 17:00:00,634,2001791,61
0,1,3,4181.412,0,2023-05-26 17:00:00,634,2001792,5
0,1,3,6570.992,1,2023-05-26 17:00:00,634,2001793,5
0,0,1,1006.778,0,2023-05-26 18:00:00,634,2001912,0
0,0,1,238.974,1,2023-05-26 18:00:00,634,2001913,0
0,0,2,6.91,0,2023-05-26 18:00:00,634,2001914,1
0,0,2,2.725,1,2023-05-26 18:00:00,634,2001915,1
0,0,3,3456.191,0,2023-05-26 18:00:00,634,2001916,2
0,0,3,574.994,1,2023-05-26 18:00:00,634,2001917,2
0,1,0,141.037,0,2023-05-26 18:00:00,634,2001918,3
0,1,0,495.171,1,2023-05-26 18:00:00,634,2001919,3
0,1,1,351.043,0,2023-05-26 18:00:00,634,2001920,4
0,1,1,554.064,1,2023-05-26 18:00:00,634,2001921,4
0,1,2,12.228,0,2023-05-26 18:00:00,634,2001922,61
0,1,2,3.571,1,2023-05-26 18:00:00,634,2001923,61
0,1,3,2172.314,0,2023-05-26 18:00:00,634,2001924,5
0,1,3,7449.438,1,2023-05-26 18:00:00,634,2001925,5
0,0,1,474.925,0,2023-05-26 19:00:00,634,2002044,0
0,0,1,315.813,1,2023-05-26 19:00:00,634,2002045,0
0,0,2,2.874,0,2023-05-26 19:00:00,634,2002046,1
0,0,2,3.278,1,2023-05-26 19:00:00,634,2002047,1
0,0,3,1621.966,0,2023-05-26 19:00:00,634,2002048,2
0,0,3,741.725,1,2023-05-26 19:00:00,634,2002049,2
0,1,0,47.627,0,2023-05-26 19:00:00,634,2002050,3
0,1,0,488.328,1,2023-05-26 19:00:00,634,2002051,3
0,1,1,125.719,0,2023-05-26 19:00:00,634,2002052,4
0,1,1,676.426,1,2023-05-26 19:00:00,634,2002053,4
0,1,2,3.379,0,2023-05-26 19:00:00,634,2002054,61
0,1,2,10.57,1,2023-05-26 19:00:00,634,2002055,61
0,1,3,787.98,0,2023-05-26 19:00:00,634,2002056,5
0,1,3,8451.441,1,2023-05-26 19:00:00,634,2002057,5
0,0,1,128.304,0,2023-05-26 20:00:00,634,2002176,0
0,0,1,468.298,1,2023-05-26 20:00:00,634,2002177,0
0,0,2,0.435,0,2023-05-26 20:00:00,634,2002178,1
0,0,2,4.732,1,2023-05-26 20:00:00,634,2002179,1
0,0,3,480.833,0,2023-05-26 20:00:00,634,2002180,2
0,0,3,1038.227,1,2023-05-26 20:00:00,634,2002181,2
0,1,0,12.367,0,2023-05-26 20:00:00,634,2002182,3
0,1,0,521.765,1,2023-05-26 20:00:00,634,2002183,3
0,1,1,32.872,0,2023-05-26 20:00:00,634,2002184,4
0,1,1,788.32,1,2023-05-26 20:00:00,634,2002185,4
0,1,2,0.861,0,2023-05-26 20:00:00,634,2002186,61
0,1,2,11.902,1,2023-05-26 20:00:00,634,2002187,61
0,1,3,197.483,0,2023-05-26 20:00:00,634,2002188,5
0,1,3,8881.722,1,2023-05-26 20:00:00,634,2002189,5
0,0,1,22.95,0,2023-05-26 21:00:00,634,2002308,0
0,0,1,555.094,1,2023-05-26 21:00:00,634,2002309,0
0,0,2,0.044,0,2023-05-26 21:00:00,634,2002310,1
0,0,2,7.65,1,2023-05-26 21:00:00,634,2002311,1
0,0,3,111.28,0,2023-05-26 21:00:00,634,2002312,2
0,0,3,1373.198,1,2023-05-26 21:00:00,634,2002313,2
0,1,0,1.28,0,2023-05-26 21:00:00,634,2002314,3
0,1,0,536.164,1,2023-05-26 21:00:00,634,2002315,3
0,1,1,5.134,0,2023-05-26 21:00:00,634,2002316,4
0,1,1,835.735,1,2023-05-26 21:00:00,634,2002317,4
0,1,2,0.181,0,2023-05-26 21:00:00,634,2002318,61
0,1,2,13.313,1,2023-05-26 21:00:00,634,2002319,61
0,1,3,129.474,0,2023-05-26 21:00:00,634,2002320,5
0,1,3,8723.334,1,2023-05-26 21:00:00,634,2002321,5
0,0,1,3.782,0,2023-05-26 22:00:00,634,2002440,0
0,0,1,647.969,1,2023-05-26 22:00:00,634,2002441,0
0,0,2,0.0,0,2023-05-26 22:00:00,634,2002442,1
0,0,2,7.277,1,2023-05-26 22:00:00,634,2002443,1
0,0,3,60.95,0,2023-05-26 22:00:00,634,2002444,2
0,0,3,1473.502,1,2023-05-26 22:00:00,634,2002445,2
0,1,0,0.003,0,2023-05-26 22:00:00,634,2002446,3
0,1,0,520.912,1,2023-05-26 22:00:00,634,2002447,3
0,1,1,0.05,0,2023-05-26 22:00:00,634,2002448,4
0,1,1,873.056,1,2023-05-26 22:00:00,634,2002449,4
0,1,2,0.001,0,2023-05-26 22:00:00,634,2002450,61
0,1,2,17.259,1,2023-05-26 22:00:00,634,2002451,61
0,1,3,19.883,0,2023-05-26 22:00:00,634,2002452,5
0,1,3,8227.749,1,2023-05-26 22:00:00,634,2002453,5
0,0,1,2.402,0,2023-05-26 23:00:00,634,2002572,0
0,0,1,609.003,1,2023-05-26 23:00:00,634,2002573,0
0,0,2,0.0,0,2023-05-26 23:00:00,634,2002574,1
0,0,2,5.522,1,2023-05-26 23:00:00,634,2002575,1
0,0,3,33.731,0,2023-05-26 23:00:00,634,2002576,2
0,0,3,1483.266,1,2023-05-26 23:00:00,634,2002577,2
0,1,0,0.0,0,2023-05-26 23:00:00,634,2002578,3
0,1,0,492.786,1,2023-05-26 23:00:00,634,2002579,3
0,1,1,0.0,0,2023-05-26 23:00:00,634,2002580,4
0,1,1,852.345,1,2023-05-26 23:00:00,634,2002581,4
0,1,2,0.0,0,2023-05-26 23:00:00,634,2002582,61
0,1,2,12.263,1,2023-05-26 23:00:00,634,2002583,61
0,1,3,15.434,0,2023-05-26 23:00:00,634,2002584,5
0,1,3,7277.661,1,2023-05-26 23:00:00,634,2002585,5
0,0,1,2.821,0,2023-05-27 00:00:00,635,2002704,0
0,0,1,537.429,1,2023-05-27 00:00:00,635,2002705,0
0,0,2,0.0,0,2023-05-27 00:00:00,635,2002706,1
0,0,2,5.593,1,2023-05-27 00:00:00,635,2002707,1
0,0,3,17.473,0,2023-05-27 00:00:00,635,2002708,2
0,0,3,1459.328,1,2023-05-27 00:00:00,635,2002709,2
0,1,0,0.0,0,2023-05-27 00:00:00,635,2002710,3
0,1,0,468.216,1,2023-05-27 00:00:00,635,2002711,3
0,1,1,0.0,0,2023-05-27 00:00:00,635,2002712,4
0,1,1,792.953,1,2023-05-27 00:00:00,635,2002713,4
0,1,2,0.0,0,2023-05-27 00:00:00,635,2002714,61
0,1,2,11.296,1,2023-05-27 00:00:00,635,2002715,61
0,1,3,7.082,0,2023-05-27 00:00:00,635,2002716,5
0,1,3,6942.487,1,2023-05-27 00:00:00,635,2002717,5
0,0,1,1.792,0,2023-05-27 01:00:00,635,2002836,0
0,0,1,505.01,1,2023-05-27 01:00:00,635,2002837,0
0,0,2,0.0,0,2023-05-27 01:00:00,635,2002838,1
0,0,2,3.799,1,2023-05-27 01:00:00,635,2002839,1
0,0,3,14.58,0,2023-05-27 01:00:00,635,2002840,2
0,0,3,1286.335,1,2023-05-27 01:00:00,635,2002841,2
0,1,0,0.0,0,2023-05-27 01:00:00,635,2002842,3
0,1,0,455.009,1,2023-05-27 01:00:00,635,2002843,3
0,1,1,0.0,0,2023-05-27 01:00:00,635,2002844,4
0,1,1,758.671,1,2023-05-27 01:00:00,635,2002845,4
0,1,2,0.0,0,2023-05-27 01:00:00,635,2002846,61
0,1,2,11.973,1,2023-05-27 01:00:00,635,2002847,61
0,1,3,4.871,0,2023-05-27 01:00:00,635,2002848,5
0,1,3,6584.418,1,2023-05-27 01:00:00,635,2002849,5
0,0,1,2.256,0,2023-05-27 02:00:00,635,2002968,0
0,0,1,457.687,1,2023-05-27 02:00:00,635,2002969,0
0,0,2,0.0,0,2023-05-27 02:00:00,635,2002970,1
0,0,2,4.392,1,2023-05-27 02:00:00,635,2002971,1
0,0,3,11.915,0,2023-05-27 02:00:00,635,2002972,2
0,0,3,1271.78,1,2023-05-27 02:00:00,635,2002973,2
0,1,0,0.0,0,2023-05-27 02:00:00,635,2002974,3
0,1,0,460.203,1,2023-05-27 02:00:00,635,2002975,3
0,1,1,0.0,0,2023-05-27 02:00:00,635,2002976,4
0,1,1,719.064,1,2023-05-27 02:00:00,635,2002977,4
0,1,2,0.0,0,2023-05-27 02:00:00,635,2002978,61
0,1,2,10.953,1,2023-05-27 02:00:00,635,2002979,61
0,1,3,8.851,0,2023-05-27 02:00:00,635,2002980,5
0,1,3,6547.52,1,2023-05-27 02:00:00,635,2002981,5
0,0,1,1.469,0,2023-05-27 03:00:00,635,2003100,0
0,0,1,464.917,1,2023-05-27 03:00:00,635,2003101,0
0,0,2,0.0,0,2023-05-27 03:00:00,635,2003102,1
0,0,2,4.175,1,2023-05-27 03:00:00,635,2003103,1
0,0,3,10.158,0,2023-05-27 03:00:00,635,2003104,2
0,0,3,1248.14,1,2023-05-27 03:00:00,635,2003105,2
0,1,0,0.0,0,2023-05-27 03:00:00,635,2003106,3
0,1,0,445.424,1,2023-05-27 03:00:00,635,2003107,3
0,1,1,0.0,0,2023-05-27 03:00:00,635,2003108,4
0,1,1,709.994,1,2023-05-27 03:00:00,635,2003109,4
0,1,2,0.0,0,2023-05-27 03:00:00,635,2003110,61
0,1,2,11.6,1,2023-05-27 03:00:00,635,2003111,61
0,1,3,3.656,0,2023-05-27 03:00:00,635,2003112,5
0,1,3,6368.311,1,2023-05-27 03:00:00,635,2003113,5
0,0,1,3.053,0,2023-05-27 04:00:00,635,2003232,0
0,0,1,447.583,1,2023-05-27 04:00:00,635,2003233,0
0,0,2,0.005,0,2023-05-27 04:00:00,635,2003234,1
0,0,2,2.996,1,2023-05-27 04:00:00,635,2003235,1
0,0,3,20.63,0,2023-05-27 04:00:00,635,2003236,2
0,0,3,1169.277,1,2023-05-27 04:00:00,635,2003237,2
0,1,0,0.04,0,2023-05-27 04:00:00,635,2003238,3
0,1,0,436.411,1,2023-05-27 04:00:00,635,2003239,3
0,1,1,0.303,0,2023-05-27 04:00:00,635,2003240,4
0,1,1,661.768,1,2023-05-27 04:00:00,635,2003241,4
0,1,2,0.006,0,2023-05-27 04:00:00,635,2003242,61
0,1,2,7.479,1,2023-05-27 04:00:00,635,2003243,61
0,1,3,6.872,0,2023-05-27 04:00:00,635,2003244,5
0,1,3,6100.477,1,2023-05-27 04:00:00,635,2003245,5
0,0,1,41.473,0,2023-05-27 05:00:00,635,2003364,0
0,0,1,368.313,1,2023-05-27 05:00:00,635,2003365,0
0,0,2,0.328,0,2023-05-27 05:00:00,635,2003366,1
0,0,2,2.895,1,2023-05-27 05:00:00,635,2003367,1
0,0,3,171.436,0,2023-05-27 05:00:00,635,2003368,2
0,0,3,951.72,1,2023-05-27 05:00:00,635,2003369,2
0,1,0,2.3,0,2023-05-27 05:00:00,635,2003370,3
0,1,0,412.474,1,2023-05-27 05:00:00,635,2003371,3
0,1,1,10.102,0,2023-05-27 05:00:00,635,2003372,4
0,1,1,596.74,1,2023-05-27 05:00:00,635,2003373,4
0,1,2,0.26,0,2023-05-27 05:00:00,635,2003374,61
0,1,2,7.428,1,2023-05-27 05:00:00,635,2003375,61
0,1,3,92.214,0,2023-05-27 05:00:00,635,2003376,5
0,1,3,5619.123,1,2023-05-27 05:00:00,635,2003377,5
0,0,1,201.491,0,2023-05-27 06:00:00,635,2003496,0
0,0,1,266.361,1,2023-05-27 06:00:00,635,2003497,0
0,0,2,1.857,0,2023-05-27 06:00:00,635,2003498,1
0,0,2,1.938,1,2023-05-27 06:00:00,635,2003499,1
0,0,3,729.831,0,2023-05-27 06:00:00,635,2003500,2
0,0,3,678.556,1,2023-05-27 06:00:00,635,2003501,2
0,1,0,17.293,0,2023-05-27 06:00:00,635,2003502,3
0,1,0,424.122,1,2023-05-27 06:00:00,635,2003503,3
0,1,1,81.568,0,2023-05-27 06:00:00,635,2003504,4
0,1,1,575.41,1,2023-05-27 06:00:00,635,2003505,4
0,1,2,2.61,0,2023-05-27 06:00:00,635,2003506,61
0,1,2,4.607,1,2023-05-27 06:00:00,635,2003507,61
0,1,3,532.673,0,2023-05-27 06:00:00,635,2003508,5
0,1,3,5026.787,1,2023-05-27 06:00:00,635,2003509,5
0,0,1,574.152,0,2023-05-27 07:00:00,635,2003628,0
0,0,1,217.481,1,2023-05-27 07:00:00,635,2003629,0
0,0,2,5.714,0,2023-05-27 07:00:00,635,2003630,1
0,0,2,1.863,1,2023-05-27 07:00:00,635,2003631,1
0,0,3,2044.645,0,2023-05-27 07:00:00,635,2003632,2
0,0,3,461.803,1,2023-05-27 07:00:00,635,2003633,2
0,1,0,91.264,0,2023-05-27 07:00:00,635,2003634,3
0,1,0,446.891,1,2023-05-27 07:00:00,635,2003635,3
0,1,1,323.31,0,2023-05-27 07:00:00,635,2003636,4
0,1,1,493.937,1,2023-05-27 07:00:00,635,2003637,4
0,1,2,5.787,0,2023-05-27 07:00:00,635,2003638,61
0,1,2,7.342,1,2023-05-27 07:00:00,635,2003639,61
0,1,3,1987.039,0,2023-05-27 07:00:00,635,2003640,5
0,1,3,3973.052,1,2023-05-27 07:00:00,635,2003641,5
0,0,1,1174.067,0,2023-05-27 08:00:00,635,2003760,0
0,0,1,175.471,1,2023-05-27 08:00:00,635,2003761,0
0,0,2,11.707,0,2023-05-27 08:00:00,635,2003762,1
0,0,2,1.106,1,2023-05-27 08:00:00,635,2003763,1
0,0,3,4119.609,0,2023-05-27 08:00:00,635,2003764,2
0,0,3,372.454,1,2023-05-27 08:00:00,635,2003765,2
0,1,0,206.335,0,2023-05-27 08:00:00,635,2003766,3
0,1,0,358.63,1,2023-05-27 08:00:00,635,2003767,3
0,1,1,697.928,0,2023-05-27 08:00:00,635,2003768,4
0,1,1,339.784,1,2023-05-27 08:00:00,635,2003769,4
0,1,2,16.167,0,2023-05-27 08:00:00,635,2003770,61
0,1,2,1.662,1,2023-05-27 08:00:00,635,2003771,61
0,1,3,4294.157,0,2023-05-27 08:00:00,635,2003772,5
0,1,3,3500.731,1,2023-05-27 08:00:00,635,2003773,5
0,0,1,1871.453,0,2023-05-27 09:00:00,635,2003892,0
0,0,1,150.407,1,2023-05-27 09:00:00,635,2003893,0
0,0,2,18.214,0,2023-05-27 09:00:00,635,2003894,1
0,0,2,2.367,1,2023-05-27 09:00:00,635,2003895,1
0,0,3,6599.457,0,2023-05-27 09:00:00,635,2003896,2
0,0,3,296.478,1,2023-05-27 09:00:00,635,2003897,2
0,1,0,348.96,0,2023-05-27 09:00:00,635,2003898,3
0,1,0,366.643,1,2023-05-27 09:00:00,635,2003899,3
0,1,1,1043.882,0,2023-05-27 09:00:00,635,2003900,4
0,1,1,284.5,1,2023-05-27 09:00:00,635,2003901,4
0,1,2,24.801,0,2023-05-27 09:00:00,635,2003902,61
0,1,2,0.275,1,2023-05-27 09:00:00,635,2003903,61
0,1,3,6703.184,0,2023-05-27 09:00:00,635,2003904,5
0,1,3,3368.51,1,2023-05-27 09:00:00,635,2003905,5
0,0,1,2503.338,0,2023-05-27 10:00:00,635,2004024,0
0,0,1,129.049,1,2023-05-27 10:00:00,635,2004025,0
0,0,2,23.833,0,2023-05-27 10:00:00,635,2004026,1
0,0,2,1.13,1,2023-05-27 10:00:00,635,2004027,1
0,0,3,8615.969,0,2023-05-27 10:00:00,635,2004028,2
0,0,3,228.107,1,2023-05-27 10:00:00,635,2004029,2
0,1,0,467.632,0,2023-05-27 10:00:00,635,2004030,3
0,1,0,317.747,1,2023-05-27 10:00:00,635,2004031,3
0,1,1,1312.732,0,2023-05-27 10:00:00,635,2004032,4
0,1,1,244.911,1,2023-05-27 10:00:00,635,2004033,4
0,1,2,39.6,0,2023-05-27 10:00:00,635,2004034,61
0,1,2,0.107,1,2023-05-27 10:00:00,635,2004035,61
0,1,3,8641.135,0,2023-05-27 10:00:00,635,2004036,5
0,1,3,3314.709,1,2023-05-27 10:00:00,635,2004037,5
0,0,1,2997.569,0,2023-05-27 11:00:00,635,2004156,0
0,0,1,101.136,1,2023-05-27 11:00:00,635,2004157,0
0,0,2,27.124,0,2023-05-27 11:00:00,635,2004158,1
0,0,2,1.695,1,2023-05-27 11:00:00,635,2004159,1
0,0,3,10163.411,0,2023-05-27 11:00:00,635,2004160,2
0,0,3,199.741,1,2023-05-27 11:00:00,635,2004161,2
0,1,0,539.014,0,2023-05-27 11:00:00,635,2004162,3
0,1,0,273.63,1,2023-05-27 11:00:00,635,2004163,3
0,1,1,1510.113,0,2023-05-27 11:00:00,635,2004164,4
0,1,1,228.193,1,2023-05-27 11:00:00,635,2004165,4
0,1,2,54.765,0,2023-05-27 11:00:00,635,2004166,61
0,1,2,0.008,1,2023-05-27 11:00:00,635,2004167,61
0,1,3,9802.049,0,2023-05-27 11:00:00,635,2004168,5
0,1,3,3248.635,1,2023-05-27 11:00:00,635,2004169,5
0,0,1,3218.166,0,2023-05-27 12:00:00,635,2004288,0
0,0,1,95.478,1,2023-05-27 12:00:00,635,2004289,0
0,0,2,27.598,0,2023-05-27 12:00:00,635,2004290,1
0,0,2,1.914,1,2023-05-27 12:00:00,635,2004291,1
0,0,3,10718.428,0,2023-05-27 12:00:00,635,2004292,2
0,0,3,222.512,1,2023-05-27 12:00:00,635,2004293,2
0,1,0,586.941,0,2023-05-27 12:00:00,635,2004294,3
0,1,0,244.368,1,2023-05-27 12:00:00,635,2004295,3
0,1,1,1615.489,0,2023-05-27 12:00:00,635,2004296,4
0,1,1,184.406,1,2023-05-27 12:00:00,635,2004297,4
0,1,2,58.381,0,2023-05-27 12:00:00,635,2004298,61
0,1,2,0.0,1,2023-05-27 12:00:00,635,2004299,61
0,1,3,10328.346,0,2023-05-27 12:00:00,635,2004300,5
0,1,3,3088.571,1,2023-05-27 12:00:00,635,2004301,5
0,0,1,3339.647,0,2023-05-27 13:00:00,635,2004420,0
0,0,1,82.676,1,2023-05-27 13:00:00,635,2004421,0
0,0,2,26.778,0,2023-05-27 13:00:00,635,2004422,1
0,0,2,1.759,1,2023-05-27 13:00:00,635,2004423,1
0,0,3,11013.487,0,2023-05-27 13:00:00,635,2004424,2
0,0,3,246.177,1,2023-05-27 13:00:00,635,2004425,2
0,1,0,626.269,0,2023-05-27 13:00:00,635,2004426,3
0,1,0,256.406,1,2023-05-27 13:00:00,635,2004427,3
0,1,1,1610.918,0,2023-05-27 13:00:00,635,2004428,4
0,1,1,172.139,1,2023-05-27 13:00:00,635,2004429,4
0,1,2,62.49,0,2023-05-27 13:00:00,635,2004430,61
0,1,2,0.2,1,2023-05-27 13:00:00,635,2004431,61
0,1,3,10533.91,0,2023-05-27 13:00:00,635,2004432,5
0,1,3,3066.294,1,2023-05-27 13:00:00,635,2004433,5
0,0,1,3222.108,0,2023-05-27 14:00:00,635,2004552,0
0,0,1,95.283,1,2023-05-27 14:00:00,635,2004553,0
0,0,2,23.144,0,2023-05-27 14:00:00,635,2004554,1
0,0,2,2.115,1,2023-05-27 14:00:00,635,2004555,1
0,0,3,10675.124,0,2023-05-27 14:00:00,635,2004556,2
0,0,3,258.913,1,2023-05-27 14:00:00,635,2004557,2
0,1,0,627.574,0,2023-05-27 14:00:00,635,2004558,3
0,1,0,239.234,1,2023-05-27 14:00:00,635,2004559,3
0,1,1,1602.23,0,2023-05-27 14:00:00,635,2004560,4
0,1,1,160.532,1,2023-05-27 14:00:00,635,2004561,4
0,1,2,52.389,0,2023-05-27 14:00:00,635,2004562,61
0,1,2,0.5,1,2023-05-27 14:00:00,635,2004563,61
0,1,3,10260.512,0,2023-05-27 14:00:00,635,2004564,5
0,1,3,3341.299,1,2023-05-27 14:00:00,635,2004565,5
0,0,1,2922.05,0,2023-05-27 15:00:00,635,2004684,0
0,0,1,98.507,1,2023-05-27 15:00:00,635,2004685,0
0,0,2,22.482,0,2023-05-27 15:00:00,635,2004686,1
0,0,2,1.714,1,2023-05-27 15:00:00,635,2004687,1
0,0,3,9628.415,0,2023-05-27 15:00:00,635,2004688,2
0,0,3,345.747,1,2023-05-27 15:00:00,635,2004689,2
0,1,0,583.572,0,2023-05-27 15:00:00,635,2004690,3
0,1,0,249.628,1,2023-05-27 15:00:00,635,2004691,3
0,1,1,1449.067,0,2023-05-27 15:00:00,635,2004692,4
0,1,1,193.593,1,2023-05-27 15:00:00,635,2004693,4
0,1,2,51.455,0,2023-05-27 15:00:00,635,2004694,61
0,1,2,0.0,1,2023-05-27 15:00:00,635,2004695,61
0,1,3,9297.061,0,2023-05-27 15:00:00,635,2004696,5
0,1,3,3408.403,1,2023-05-27 15:00:00,635,2004697,5
0,0,1,2388.731,0,2023-05-27 16:00:00,635,2004816,0
0,0,1,116.727,1,2023-05-27 16:00:00,635,2004817,0
0,0,2,19.655,0,2023-05-27 16:00:00,635,2004818,1
0,0,2,2.647,1,2023-05-27 16:00:00,635,2004819,1
0,0,3,8046.34,0,2023-05-27 16:00:00,635,2004820,2
0,0,3,382.964,1,2023-05-27 16:00:00,635,2004821,2
0,1,0,480.072,0,2023-05-27 16:00:00,635,2004822,3
0,1,0,298.024,1,2023-05-27 16:00:00,635,2004823,3
0,1,1,1134.747,0,2023-05-27 16:00:00,635,2004824,4
0,1,1,267.784,1,2023-05-27 16:00:00,635,2004825,4
0,1,2,43.582,0,2023-05-27 16:00:00,635,2004826,61
0,1,2,0.096,1,2023-05-27 16:00:00,635,2004827,61
0,1,3,7612.064,0,2023-05-27 16:00:00,635,2004828,5
0,1,3,3692.202,1,2023-05-27 16:00:00,635,2004829,5
0,0,1,1735.095,0,2023-05-27 17:00:00,635,2004948,0
0,0,1,178.175,1,2023-05-27 17:00:00,635,2004949,0
0,0,2,14.565,0,2023-05-27 17:00:00,635,2004950,1
0,0,2,1.241,1,2023-05-27 17:00:00,635,2004951,1
0,0,3,5846.05,0,2023-05-27 17:00:00,635,2004952,2
0,0,3,468.129,1,2023-05-27 17:00:00,635,2004953,2
0,1,0,332.955,0,2023-05-27 17:00:00,635,2004954,3
0,1,0,355.8,1,2023-05-27 17:00:00,635,2004955,3
0,1,1,798.544,0,2023-05-27 17:00:00,635,2004956,4
0,1,1,300.349,1,2023-05-27 17:00:00,635,2004957,4
0,1,2,30.267,0,2023-05-27 17:00:00,635,2004958,61
0,1,2,0.782,1,2023-05-27 17:00:00,635,2004959,61
0,1,3,5077.174,0,2023-05-27 17:00:00,635,2004960,5
0,1,3,4377.804,1,2023-05-27 17:00:00,635,2004961,5
0,0,1,1034.789,0,2023-05-27 18:00:00,635,2005080,0
0,0,1,272.056,1,2023-05-27 18:00:00,635,2005081,0
0,0,2,8.215,0,2023-05-27 18:00:00,635,2005082,1
0,0,2,2.089,1,2023-05-27 18:00:00,635,2005083,1
0,0,3,3545.362,0,2023-05-27 18:00:00,635,2005084,2
0,0,3,608.168,1,2023-05-27 18:00:00,635,2005085,2
0,1,0,162.918,0,2023-05-27 18:00:00,635,2005086,3
0,1,0,396.879,1,2023-05-27 18:00:00,635,2005087,3
0,1,1,422.798,0,2023-05-27 18:00:00,635,2005088,4
0,1,1,365.104,1,2023-05-27 18:00:00,635,2005089,4
0,1,2,14.085,0,2023-05-27 18:00:00,635,2005090,61
0,1,2,4.109,1,2023-05-27 18:00:00,635,2005091,61
0,1,3,2650.942,0,2023-05-27 18:00:00,635,2005092,5
0,1,3,5249.969,1,2023-05-27 18:00:00,635,2005093,5
0,0,1,466.393,0,2023-05-27 19:00:00,635,2005212,0
0,0,1,347.238,1,2023-05-27 19:00:00,635,2005213,0
0,0,2,2.782,0,2023-05-27 19:00:00,635,2005214,1
0,0,2,1.977,1,2023-05-27 19:00:00,635,2005215,1
0,0,3,1611.124,0,2023-05-27 19:00:00,635,2005216,2
0,0,3,835.233,1,2023-05-27 19:00:00,635,2005217,2
0,1,0,46.143,0,2023-05-27 19:00:00,635,2005218,3
0,1,0,448.4,1,2023-05-27 19:00:00,635,2005219,3
0,1,1,154.313,0,2023-05-27 19:00:00,635,2005220,4
0,1,1,524.346,1,2023-05-27 19:00:00,635,2005221,4
0,1,2,4.097,0,2023-05-27 19:00:00,635,2005222,61
0,1,2,7.718,1,2023-05-27 19:00:00,635,2005223,61
0,1,3,904.416,0,2023-05-27 19:00:00,635,2005224,5
0,1,3,6272.177,1,2023-05-27 19:00:00,635,2005225,5
0,0,1,149.916,0,2023-05-27 20:00:00,635,2005344,0
0,0,1,440.301,1,2023-05-27 20:00:00,635,2005345,0
0,0,2,0.469,0,2023-05-27 20:00:00,635,2005346,1
0,0,2,2.931,1,2023-05-27 20:00:00,635,2005347,1
0,0,3,562.68,0,2023-05-27 20:00:00,635,2005348,2
0,0,3,1059.675,1,2023-05-27 20:00:00,635,2005349,2
0,1,0,10.765,0,2023-05-27 20:00:00,635,2005350,3
0,1,0,499.936,1,2023-05-27 20:00:00,635,2005351,3
0,1,1,40.558,0,2023-05-27 20:00:00,635,2005352,4
0,1,1,625.402,1,2023-05-27 20:00:00,635,2005353,4
0,1,2,0.896,0,2023-05-27 20:00:00,635,2005354,61
0,1,2,12.438,1,2023-05-27 20:00:00,635,2005355,61
0,1,3,231.211,0,2023-05-27 20:00:00,635,2005356,5
0,1,3,6904.604,1,2023-05-27 20:00:00,635,2005357,5
0,0,1,21.362,0,2023-05-27 21:00:00,635,2005476,0
0,0,1,571.359,1,2023-05-27 21:00:00,635,2005477,0
0,0,2,0.066,0,2023-05-27 21:00:00,635,2005478,1
0,0,2,4.246,1,2023-05-27 21:00:00,635,2005479,1
0,0,3,158.73,0,2023-05-27 21:00:00,635,2005480,2
0,0,3,1366.487,1,2023-05-27 21:00:00,635,2005481,2
0,1,0,1.338,0,2023-05-27 21:00:00,635,2005482,3
0,1,0,479.561,1,2023-05-27 21:00:00,635,2005483,3
0,1,1,4.601,0,2023-05-27 21:00:00,635,2005484,4
0,1,1,731.65,1,2023-05-27 21:00:00,635,2005485,4
0,1,2,0.175,0,2023-05-27 21:00:00,635,2005486,61
0,1,2,11.365,1,2023-05-27 21:00:00,635,2005487,61
0,1,3,110.622,0,2023-05-27 21:00:00,635,2005488,5
0,1,3,6993.049,1,2023-05-27 21:00:00,635,2005489,5
0,0,1,3.359,0,2023-05-27 22:00:00,635,2005608,0
0,0,1,677.91,1,2023-05-27 22:00:00,635,2005609,0
0,0,2,0.0,0,2023-05-27 22:00:00,635,2005610,1
0,0,2,5.833,1,2023-05-27 22:00:00,635,2005611,1
0,0,3,77.699,0,2023-05-27 22:00:00,635,2005612,2
0,0,3,1591.399,1,2023-05-27 22:00:00,635,2005613,2
0,1,0,0.001,0,2023-05-27 22:00:00,635,2005614,3
0,1,0,491.04,1,2023-05-27 22:00:00,635,2005615,3
0,1,1,0.017,0,2023-05-27 22:00:00,635,2005616,4
0,1,1,754.964,1,2023-05-27 22:00:00,635,2005617,4
0,1,2,0.001,0,2023-05-27 22:00:00,635,2005618,61
0,1,2,17.029,1,2023-05-27 22:00:00,635,2005619,61
0,1,3,45.767,0,2023-05-27 22:00:00,635,2005620,5
0,1,3,6983.772,1,2023-05-27 22:00:00,635,2005621,5
0,0,1,2.798,0,2023-05-27 23:00:00,635,2005740,0
0,0,1,650.891,1,2023-05-27 23:00:00,635,2005741,0
0,0,2,0.0,0,2023-05-27 23:00:00,635,2005742,1
0,0,2,6.085,1,2023-05-27 23:00:00,635,2005743,1
0,0,3,23.818,0,2023-05-27 23:00:00,635,2005744,2
0,0,3,1587.867,1,2023-05-27 23:00:00,635,2005745,2
0,1,0,0.0,0,2023-05-27 23:00:00,635,2005746,3
0,1,0,541.688,1,2023-05-27 23:00:00,635,2005747,3
0,1,1,0.0,0,2023-05-27 23:00:00,635,2005748,4
0,1,1,780.748,1,2023-05-27 23:00:00,635,2005749,4
0,1,2,0.0,0,2023-05-27 23:00:00,635,2005750,61
0,1,2,18.186,1,2023-05-27 23:00:00,635,2005751,61
0,1,3,6.301,0,2023-05-27 23:00:00,635,2005752,5
0,1,3,6680.165,1,2023-05-27 23:00:00,635,2005753,5
0,0,1,3.401,0,2023-05-28 00:00:00,636,2005872,0
0,0,1,618.661,1,2023-05-28 00:00:00,636,2005873,0
0,0,2,0.0,0,2023-05-28 00:00:00,636,2005874,1
0,0,2,4.507,1,2023-05-28 00:00:00,636,2005875,1
0,0,3,15.918,0,2023-05-28 00:00:00,636,2005876,2
0,0,3,1549.085,1,2023-05-28 00:00:00,636,2005877,2
0,1,0,0.0,0,2023-05-28 00:00:00,636,2005878,3
0,1,0,515.524,1,2023-05-28 00:00:00,636,2005879,3
0,1,1,0.0,0,2023-05-28 00:00:00,636,2005880,4
0,1,1,779.786,1,2023-05-28 00:00:00,636,2005881,4
0,1,2,0.0,0,2023-05-28 00:00:00,636,2005882,61
0,1,2,12.807,1,2023-05-28 00:00:00,636,2005883,61
0,1,3,5.849,0,2023-05-28 00:00:00,636,2005884,5
0,1,3,6497.692,1,2023-05-28 00:00:00,636,2005885,5
0,0,1,3.039,0,2023-05-28 01:00:00,636,2006002,0
0,0,1,578.945,1,2023-05-28 01:00:00,636,2006003,0
0,0,2,0.0,0,2023-05-28 01:00:00,636,2006004,1
0,0,2,4.338,1,2023-05-28 01:00:00,636,2006005,1
0,0,3,13.049,0,2023-05-28 01:00:00,636,2006006,2
0,0,3,1412.057,1,2023-05-28 01:00:00,636,2006007,2
0,1,0,0.0,0,2023-05-28 01:00:00,636,2006008,3
0,1,0,450.749,1,2023-05-28 01:00:00,636,2006009,3
0,1,1,0.0,0,2023-05-28 01:00:00,636,2006010,4
0,1,1,766.56,1,2023-05-28 01:00:00,636,2006011,4
0,1,2,0.0,0,2023-05-28 01:00:00,636,2006012,61
0,1,2,15.251,1,2023-05-28 01:00:00,636,2006013,61
0,1,3,5.124,0,2023-05-28 01:00:00,636,2006014,5
0,1,3,6173.638,1,2023-05-28 01:00:00,636,2006015,5
0,0,1,1.886,0,2023-05-28 02:00:00,636,2006132,0
0,0,1,526.602,1,2023-05-28 02:00:00,636,2006133,0
0,0,2,0.0,0,2023-05-28 02:00:00,636,2006134,1
0,0,2,4.046,1,2023-05-28 02:00:00,636,2006135,1
0,0,3,12.574,0,2023-05-28 02:00:00,636,2006136,2
0,0,3,1357.204,1,2023-05-28 02:00:00,636,2006137,2
0,1,0,0.0,0,2023-05-28 02:00:00,636,2006138,3
0,1,0,458.127,1,2023-05-28 02:00:00,636,2006139,3
0,1,1,0.0,0,2023-05-28 02:00:00,636,2006140,4
0,1,1,771.113,1,2023-05-28 02:00:00,636,2006141,4
0,1,2,0.0,0,2023-05-28 02:00:00,636,2006142,61
0,1,2,13.405,1,2023-05-28 02:00:00,636,2006143,61
0,1,3,2.076,0,2023-05-28 02:00:00,636,2006144,5
0,1,3,6032.425,1,2023-05-28 02:00:00,636,2006145,5
0,0,1,1.347,0,2023-05-28 03:00:00,636,2006262,0
0,0,1,529.385,1,2023-05-28 03:00:00,636,2006263,0
0,0,2,0.0,0,2023-05-28 03:00:00,636,2006264,1
0,0,2,3.756,1,2023-05-28 03:00:00,636,2006265,1
0,0,3,11.079,0,2023-05-28 03:00:00,636,2006266,2
0,0,3,1372.039,1,2023-05-28 03:00:00,636,2006267,2
0,1,0,0.0,0,2023-05-28 03:00:00,636,2006268,3
0,1,0,452.299,1,2023-05-28 03:00:00,636,2006269,3
0,1,1,0.0,0,2023-05-28 03:00:00,636,2006270,4
0,1,1,724.076,1,2023-05-28 03:00:00,636,2006271,4
0,1,2,0.0,0,2023-05-28 03:00:00,636,2006272,61
0,1,2,12.547,1,2023-05-28 03:00:00,636,2006273,61
0,1,3,1.609,0,2023-05-28 03:00:00,636,2006274,5
0,1,3,6156.497,1,2023-05-28 03:00:00,636,2006275,5
0,0,1,3.016,0,2023-05-28 04:00:00,636,2006392,0
0,0,1,483.117,1,2023-05-28 04:00:00,636,2006393,0
0,0,2,0.003,0,2023-05-28 04:00:00,636,2006394,1
0,0,2,3.608,1,2023-05-28 04:00:00,636,2006395,1
0,0,3,14.891,0,2023-05-28 04:00:00,636,2006396,2
0,0,3,1292.473,1,2023-05-28 04:00:00,636,2006397,2
0,1,0,0.16,0,2023-05-28 04:00:00,636,2006398,3
0,1,0,424.304,1,2023-05-28 04:00:00,636,2006399,3
0,1,1,0.584,0,2023-05-28 04:00:00,636,2006400,4
0,1,1,684.188,1,2023-05-28 04:00:00,636,2006401,4
0,1,2,0.008,0,2023-05-28 04:00:00,636,2006402,61
0,1,2,10.672,1,2023-05-28 04:00:00,636,2006403,61
0,1,3,7.367,0,2023-05-28 04:00:00,636,2006404,5
0,1,3,5738.012,1,2023-05-28 04:00:00,636,2006405,5
0,0,1,32.7,0,2023-05-28 05:00:00,636,2006522,0
0,0,1,398.686,1,2023-05-28 05:00:00,636,2006523,0
0,0,2,0.103,0,2023-05-28 05:00:00,636,2006524,1
0,0,2,3.807,1,2023-05-28 05:00:00,636,2006525,1
0,0,3,126.348,0,2023-05-28 05:00:00,636,2006526,2
0,0,3,1050.662,1,2023-05-28 05:00:00,636,2006527,2
0,1,0,2.323,0,2023-05-28 05:00:00,636,2006528,3
0,1,0,397.339,1,2023-05-28 05:00:00,636,2006529,3
0,1,1,6.923,0,2023-05-28 05:00:00,636,2006530,4
0,1,1,646.16,1,2023-05-28 05:00:00,636,2006531,4
0,1,2,0.373,0,2023-05-28 05:00:00,636,2006532,61
0,1,2,7.202,1,2023-05-28 05:00:00,636,2006533,61
0,1,3,63.929,0,2023-05-28 05:00:00,636,2006534,5
0,1,3,5384.224,1,2023-05-28 05:00:00,636,2006535,5
0,0,1,200.067,0,2023-05-28 06:00:00,636,2006652,0
0,0,1,298.684,1,2023-05-28 06:00:00,636,2006653,0
0,0,2,1.186,0,2023-05-28 06:00:00,636,2006654,1
0,0,2,1.553,1,2023-05-28 06:00:00,636,2006655,1
0,0,3,714.161,0,2023-05-28 06:00:00,636,2006656,2
0,0,3,686.425,1,2023-05-28 06:00:00,636,2006657,2
0,1,0,17.385,0,2023-05-28 06:00:00,636,2006658,3
0,1,0,370.818,1,2023-05-28 06:00:00,636,2006659,3
0,1,1,95.376,0,2023-05-28 06:00:00,636,2006660,4
0,1,1,497.218,1,2023-05-28 06:00:00,636,2006661,4
0,1,2,2.579,0,2023-05-28 06:00:00,636,2006662,61
0,1,2,6.369,1,2023-05-28 06:00:00,636,2006663,61
0,1,3,525.544,0,2023-05-28 06:00:00,636,2006664,5
0,1,3,4719.375,1,2023-05-28 06:00:00,636,2006665,5
0,0,1,562.131,0,2023-05-28 07:00:00,636,2006782,0
0,0,1,217.709,1,2023-05-28 07:00:00,636,2006783,0
0,0,2,3.811,0,2023-05-28 07:00:00,636,2006784,1
0,0,2,1.967,1,2023-05-28 07:00:00,636,2006785,1
0,0,3,1985.002,0,2023-05-28 07:00:00,636,2006786,2
0,0,3,469.68,1,2023-05-28 07:00:00,636,2006787,2
0,1,0,94.841,0,2023-05-28 07:00:00,636,2006788,3
0,1,0,343.524,1,2023-05-28 07:00:00,636,2006789,3
0,1,1,331.865,0,2023-05-28 07:00:00,636,2006790,4
0,1,1,424.68,1,2023-05-28 07:00:00,636,2006791,4
0,1,2,6.94,0,2023-05-28 07:00:00,636,2006792,61
0,1,2,4.617,1,2023-05-28 07:00:00,636,2006793,61
0,1,3,1871.873,0,2023-05-28 07:00:00,636,2006794,5
0,1,3,3776.607,1,2023-05-28 07:00:00,636,2006795,5
0,0,1,1146.25,0,2023-05-28 08:00:00,636,2006912,0
0,0,1,169.319,1,2023-05-28 08:00:00,636,2006913,0
0,0,2,8.285,0,2023-05-28 08:00:00,636,2006914,1
0,0,2,2.293,1,2023-05-28 08:00:00,636,2006915,1
0,0,3,4066.371,0,2023-05-28 08:00:00,636,2006916,2
0,0,3,348.206,1,2023-05-28 08:00:00,636,2006917,2
0,1,0,245.37,0,2023-05-28 08:00:00,636,2006918,3
0,1,0,312.453,1,2023-05-28 08:00:00,636,2006919,3
0,1,1,711.943,0,2023-05-28 08:00:00,636,2006920,4
0,1,1,291.26,1,2023-05-28 08:00:00,636,2006921,4
0,1,2,11.423,0,2023-05-28 08:00:00,636,2006922,61
0,1,2,1.906,1,2023-05-28 08:00:00,636,2006923,61
0,1,3,4184.131,0,2023-05-28 08:00:00,636,2006924,5
0,1,3,3412.696,1,2023-05-28 08:00:00,636,2006925,5
0,0,1,1812.649,0,2023-05-28 09:00:00,636,2007042,0
0,0,1,146.91,1,2023-05-28 09:00:00,636,2007043,0
0,0,2,13.675,0,2023-05-28 09:00:00,636,2007044,1
0,0,2,2.733,1,2023-05-28 09:00:00,636,2007045,1
0,0,3,6339.405,0,2023-05-28 09:00:00,636,2007046,2
0,0,3,293.932,1,2023-05-28 09:00:00,636,2007047,2
0,1,0,398.765,0,2023-05-28 09:00:00,636,2007048,3
0,1,0,264.591,1,2023-05-28 09:00:00,636,2007049,3
0,1,1,1090.687,0,2023-05-28 09:00:00,636,2007050,4
0,1,1,251.918,1,2023-05-28 09:00:00,636,2007051,4
0,1,2,26.371,0,2023-05-28 09:00:00,636,2007052,61
0,1,2,0.281,1,2023-05-28 09:00:00,636,2007053,61
0,1,3,6572.76,0,2023-05-28 09:00:00,636,2007054,5
0,1,3,3230.187,1,2023-05-28 09:00:00,636,2007055,5
0,0,1,2419.573,0,2023-05-28 10:00:00,636,2007172,0
0,0,1,120.401,1,2023-05-28 10:00:00,636,2007173,0
0,0,2,21.133,0,2023-05-28 10:00:00,636,2007174,1
0,0,2,3.766,1,2023-05-28 10:00:00,636,2007175,1
0,0,3,7963.048,0,2023-05-28 10:00:00,636,2007176,2
0,0,3,321.127,1,2023-05-28 10:00:00,636,2007177,2
0,1,0,500.782,0,2023-05-28 10:00:00,636,2007178,3
0,1,0,264.765,1,2023-05-28 10:00:00,636,2007179,3
0,1,1,1377.854,0,2023-05-28 10:00:00,636,2007180,4
0,1,1,197.766,1,2023-05-28 10:00:00,636,2007181,4
0,1,2,40.729,0,2023-05-28 10:00:00,636,2007182,61
0,1,2,0.0,1,2023-05-28 10:00:00,636,2007183,61
0,1,3,8482.933,0,2023-05-28 10:00:00,636,2007184,5
0,1,3,3260.802,1,2023-05-28 10:00:00,636,2007185,5
0,0,1,2865.064,0,2023-05-28 11:00:00,636,2007302,0
0,0,1,107.208,1,2023-05-28 11:00:00,636,2007303,0
0,0,2,23.603,0,2023-05-28 11:00:00,636,2007304,1
0,0,2,1.918,1,2023-05-28 11:00:00,636,2007305,1
0,0,3,9099.179,0,2023-05-28 11:00:00,636,2007306,2
0,0,3,343.491,1,2023-05-28 11:00:00,636,2007307,2
0,1,0,585.891,0,2023-05-28 11:00:00,636,2007308,3
0,1,0,235.374,1,2023-05-28 11:00:00,636,2007309,3
0,1,1,1599.688,0,2023-05-28 11:00:00,636,2007310,4
0,1,1,209.043,1,2023-05-28 11:00:00,636,2007311,4
0,1,2,48.936,0,2023-05-28 11:00:00,636,2007312,61
0,1,2,0.0,1,2023-05-28 11:00:00,636,2007313,61
0,1,3,9653.828,0,2023-05-28 11:00:00,636,2007314,5
0,1,3,3200.697,1,2023-05-28 11:00:00,636,2007315,5
0,0,1,3122.43,0,2023-05-28 12:00:00,636,2007432,0
0,0,1,92.333,1,2023-05-28 12:00:00,636,2007433,0
0,0,2,26.437,0,2023-05-28 12:00:00,636,2007434,1
0,0,2,0.919,1,2023-05-28 12:00:00,636,2007435,1
0,0,3,9490.63,0,2023-05-28 12:00:00,636,2007436,2
0,0,3,413.391,1,2023-05-28 12:00:00,636,2007437,2
0,1,0,622.459,0,2023-05-28 12:00:00,636,2007438,3
0,1,0,214.644,1,2023-05-28 12:00:00,636,2007439,3
0,1,1,1665.502,0,2023-05-28 12:00:00,636,2007440,4
0,1,1,189.535,1,2023-05-28 12:00:00,636,2007441,4
0,1,2,58.801,0,2023-05-28 12:00:00,636,2007442,61
0,1,2,0.0,1,2023-05-28 12:00:00,636,2007443,61
0,1,3,10265.362,0,2023-05-28 12:00:00,636,2007444,5
0,1,3,3107.753,1,2023-05-28 12:00:00,636,2007445,5
0,0,1,3156.632,0,2023-05-28 13:00:00,636,2007562,0
0,0,1,81.927,1,2023-05-28 13:00:00,636,2007563,0
0,0,2,26.812,0,2023-05-28 13:00:00,636,2007564,1
0,0,2,0.689,1,2023-05-28 13:00:00,636,2007565,1
0,0,3,9605.05,0,2023-05-28 13:00:00,636,2007566,2
0,0,3,448.384,1,2023-05-28 13:00:00,636,2007567,2
0,1,0,619.19,0,2023-05-28 13:00:00,636,2007568,3
0,1,0,235.443,1,2023-05-28 13:00:00,636,2007569,3
0,1,1,1647.273,0,2023-05-28 13:00:00,636,2007570,4
0,1,1,185.793,1,2023-05-28 13:00:00,636,2007571,4
0,1,2,58.813,0,2023-05-28 13:00:00,636,2007572,61
0,1,2,0.013,1,2023-05-28 13:00:00,636,2007573,61
0,1,3,10143.345,0,2023-05-28 13:00:00,636,2007574,5
0,1,3,3081.128,1,2023-05-28 13:00:00,636,2007575,5
0,0,1,2497.808,0,2023-05-28 14:00:00,636,2007692,0
0,0,1,120.55,1,2023-05-28 14:00:00,636,2007693,0
0,0,2,24.655,0,2023-05-28 14:00:00,636,2007694,1
0,0,2,0.892,1,2023-05-28 14:00:00,636,2007695,1
0,0,3,7593.774,0,2023-05-28 14:00:00,636,2007696,2
0,0,3,566.799,1,2023-05-28 14:00:00,636,2007697,2
0,1,0,498.564,0,2023-05-28 14:00:00,636,2007698,3
0,1,0,269.354,1,2023-05-28 14:00:00,636,2007699,3
0,1,1,1225.083,0,2023-05-28 14:00:00,636,2007700,4
0,1,1,274.108,1,2023-05-28 14:00:00,636,2007701,4
0,1,2,41.714,0,2023-05-28 14:00:00,636,2007702,61
0,1,2,1.23,1,2023-05-28 14:00:00,636,2007703,61
0,1,3,7595.547,0,2023-05-28 14:00:00,636,2007704,5
0,1,3,4024.222,1,2023-05-28 14:00:00,636,2007705,5
0,0,1,1153.667,0,2023-05-28 15:00:00,636,2007822,0
0,0,1,215.437,1,2023-05-28 15:00:00,636,2007823,0
0,0,2,12.787,0,2023-05-28 15:00:00,636,2007824,1
0,0,2,2.112,1,2023-05-28 15:00:00,636,2007825,1
0,0,3,3633.833,0,2023-05-28 15:00:00,636,2007826,2
0,0,3,937.614,1,2023-05-28 15:00:00,636,2007827,2
0,1,0,223.124,0,2023-05-28 15:00:00,636,2007828,3
0,1,0,387.767,1,2023-05-28 15:00:00,636,2007829,3
0,1,1,531.711,0,2023-05-28 15:00:00,636,2007830,4
0,1,1,448.061,1,2023-05-28 15:00:00,636,2007831,4
0,1,2,20.749,0,2023-05-28 15:00:00,636,2007832,61
0,1,2,4.124,1,2023-05-28 15:00:00,636,2007833,61
0,1,3,2892.082,0,2023-05-28 15:00:00,636,2007834,5
0,1,3,5462.256,1,2023-05-28 15:00:00,636,2007835,5
0,0,1,1637.68,0,2023-05-28 16:00:00,636,2007952,0
0,0,1,210.837,1,2023-05-28 16:00:00,636,2007953,0
0,0,2,12.438,0,2023-05-28 16:00:00,636,2007954,1
0,0,2,1.198,1,2023-05-28 16:00:00,636,2007955,1
0,0,3,5220.357,0,2023-05-28 16:00:00,636,2007956,2
0,0,3,744.262,1,2023-05-28 16:00:00,636,2007957,2
0,1,0,311.665,0,2023-05-28 16:00:00,636,2007958,3
0,1,0,335.239,1,2023-05-28 16:00:00,636,2007959,3
0,1,1,803.014,0,2023-05-28 16:00:00,636,2007960,4
0,1,1,376.604,1,2023-05-28 16:00:00,636,2007961,4
0,1,2,33.302,0,2023-05-28 16:00:00,636,2007962,61
0,1,2,1.709,1,2023-05-28 16:00:00,636,2007963,61
0,1,3,5222.076,0,2023-05-28 16:00:00,636,2007964,5
0,1,3,4352.943,1,2023-05-28 16:00:00,636,2007965,5
0,0,1,1466.849,0,2023-05-28 17:00:00,636,2008082,0
0,0,1,207.532,1,2023-05-28 17:00:00,636,2008083,0
0,0,2,13.205,0,2023-05-28 17:00:00,636,2008084,1
0,0,2,0.806,1,2023-05-28 17:00:00,636,2008085,1
0,0,3,4432.289,0,2023-05-28 17:00:00,636,2008086,2
0,0,3,858.68,1,2023-05-28 17:00:00,636,2008087,2
0,1,0,273.481,0,2023-05-28 17:00:00,636,2008088,3
0,1,0,327.199,1,2023-05-28 17:00:00,636,2008089,3
0,1,1,675.947,0,2023-05-28 17:00:00,636,2008090,4
0,1,1,410.183,1,2023-05-28 17:00:00,636,2008091,4
0,1,2,25.315,0,2023-05-28 17:00:00,636,2008092,61
0,1,2,1.681,1,2023-05-28 17:00:00,636,2008093,61
0,1,3,4261.24,0,2023-05-28 17:00:00,636,2008094,5
0,1,3,4578.968,1,2023-05-28 17:00:00,636,2008095,5
0,0,1,774.567,0,2023-05-28 18:00:00,636,2008212,0
0,0,1,318.221,1,2023-05-28 18:00:00,636,2008213,0
0,0,2,6.602,0,2023-05-28 18:00:00,636,2008214,1
0,0,2,2.381,1,2023-05-28 18:00:00,636,2008215,1
0,0,3,2400.805,0,2023-05-28 18:00:00,636,2008216,2
0,0,3,1064.114,1,2023-05-28 18:00:00,636,2008217,2
0,1,0,132.706,0,2023-05-28 18:00:00,636,2008218,3
0,1,0,364.416,1,2023-05-28 18:00:00,636,2008219,3
0,1,1,310.995,0,2023-05-28 18:00:00,636,2008220,4
0,1,1,514.475,1,2023-05-28 18:00:00,636,2008221,4
0,1,2,10.329,0,2023-05-28 18:00:00,636,2008222,61
0,1,2,7.483,1,2023-05-28 18:00:00,636,2008223,61
0,1,3,2011.898,0,2023-05-28 18:00:00,636,2008224,5
0,1,3,5500.855,1,2023-05-28 18:00:00,636,2008225,5
0,0,1,269.358,0,2023-05-28 19:00:00,636,2008342,0
0,0,1,436.573,1,2023-05-28 19:00:00,636,2008343,0
0,0,2,2.591,0,2023-05-28 19:00:00,636,2008344,1
0,0,2,2.013,1,2023-05-28 19:00:00,636,2008345,1
0,0,3,855.404,0,2023-05-28 19:00:00,636,2008346,2
0,0,3,1224.277,1,2023-05-28 19:00:00,636,2008347,2
0,1,0,42.947,0,2023-05-28 19:00:00,636,2008348,3
0,1,0,441.164,1,2023-05-28 19:00:00,636,2008349,3
0,1,1,89.25,0,2023-05-28 19:00:00,636,2008350,4
0,1,1,615.47,1,2023-05-28 19:00:00,636,2008351,4
0,1,2,3.043,0,2023-05-28 19:00:00,636,2008352,61
0,1,2,12.421,1,2023-05-28 19:00:00,636,2008353,61
0,1,3,618.878,0,2023-05-28 19:00:00,636,2008354,5
0,1,3,6439.221,1,2023-05-28 19:00:00,636,2008355,5
0,0,1,69.441,0,2023-05-28 20:00:00,636,2008472,0
0,0,1,570.292,1,2023-05-28 20:00:00,636,2008473,0
0,0,2,0.522,0,2023-05-28 20:00:00,636,2008474,1
0,0,2,3.302,1,2023-05-28 20:00:00,636,2008475,1
0,0,3,276.027,0,2023-05-28 20:00:00,636,2008476,2
0,0,3,1372.212,1,2023-05-28 20:00:00,636,2008477,2
0,1,0,12.436,0,2023-05-28 20:00:00,636,2008478,3
0,1,0,527.02,1,2023-05-28 20:00:00,636,2008479,3
0,1,1,26.173,0,2023-05-28 20:00:00,636,2008480,4
0,1,1,651.925,1,2023-05-28 20:00:00,636,2008481,4
0,1,2,1.888,0,2023-05-28 20:00:00,636,2008482,61
0,1,2,10.927,1,2023-05-28 20:00:00,636,2008483,61
0,1,3,159.848,0,2023-05-28 20:00:00,636,2008484,5
0,1,3,6553.252,1,2023-05-28 20:00:00,636,2008485,5
0,0,1,18.385,0,2023-05-28 21:00:00,636,2008602,0
0,0,1,651.929,1,2023-05-28 21:00:00,636,2008603,0
0,0,2,0.038,0,2023-05-28 21:00:00,636,2008604,1
0,0,2,6.283,1,2023-05-28 21:00:00,636,2008605,1
0,0,3,125.588,0,2023-05-28 21:00:00,636,2008606,2
0,0,3,1587.054,1,2023-05-28 21:00:00,636,2008607,2
0,1,0,1.025,0,2023-05-28 21:00:00,636,2008608,3
0,1,0,480.285,1,2023-05-28 21:00:00,636,2008609,3
0,1,1,5.084,0,2023-05-28 21:00:00,636,2008610,4
0,1,1,710.65,1,2023-05-28 21:00:00,636,2008611,4
0,1,2,0.215,0,2023-05-28 21:00:00,636,2008612,61
0,1,2,20.88,1,2023-05-28 21:00:00,636,2008613,61
0,1,3,130.553,0,2023-05-28 21:00:00,636,2008614,5
0,1,3,6577.036,1,2023-05-28 21:00:00,636,2008615,5
0,0,1,5.151,0,2023-05-28 22:00:00,636,2008732,0
0,0,1,629.055,1,2023-05-28 22:00:00,636,2008733,0
0,0,2,0.0,0,2023-05-28 22:00:00,636,2008734,1
0,0,2,11.425,1,2023-05-28 22:00:00,636,2008735,1
0,0,3,47.519,0,2023-05-28 22:00:00,636,2008736,2
0,0,3,1560.932,1,2023-05-28 22:00:00,636,2008737,2
0,1,0,0.001,0,2023-05-28 22:00:00,636,2008738,3
0,1,0,485.335,1,2023-05-28 22:00:00,636,2008739,3
0,1,1,0.022,0,2023-05-28 22:00:00,636,2008740,4
0,1,1,760.511,1,2023-05-28 22:00:00,636,2008741,4
0,1,2,0.001,0,2023-05-28 22:00:00,636,2008742,61
0,1,2,25.422,1,2023-05-28 22:00:00,636,2008743,61
0,1,3,85.627,0,2023-05-28 22:00:00,636,2008744,5
0,1,3,6790.786,1,2023-05-28 22:00:00,636,2008745,5
0,0,1,2.223,0,2023-05-28 23:00:00,636,2008862,0
0,0,1,548.586,1,2023-05-28 23:00:00,636,2008863,0
0,0,2,0.0,0,2023-05-28 23:00:00,636,2008864,1
0,0,2,8.513,1,2023-05-28 23:00:00,636,2008865,1
0,0,3,33.751,0,2023-05-28 23:00:00,636,2008866,2
0,0,3,1403.831,1,2023-05-28 23:00:00,636,2008867,2
0,1,0,0.0,0,2023-05-28 23:00:00,636,2008868,3
0,1,0,495.743,1,2023-05-28 23:00:00,636,2008869,3
0,1,1,0.0,0,2023-05-28 23:00:00,636,2008870,4
0,1,1,746.971,1,2023-05-28 23:00:00,636,2008871,4
0,1,2,0.0,0,2023-05-28 23:00:00,636,2008872,61
0,1,2,23.21,1,2023-05-28 23:00:00,636,2008873,61
0,1,3,10.933,0,2023-05-28 23:00:00,636,2008874,5
0,1,3,6771.436,1,2023-05-28 23:00:00,636,2008875,5
0,0,1,2.073,0,2023-05-29 00:00:00,637,2008992,0
0,0,1,503.735,1,2023-05-29 00:00:00,637,2008993,0
0,0,2,0.0,0,2023-05-29 00:00:00,637,2008994,1
0,0,2,4.986,1,2023-05-29 00:00:00,637,2008995,1
0,0,3,23.59,0,2023-05-29 00:00:00,637,2008996,2
0,0,3,1239.974,1,2023-05-29 00:00:00,637,2008997,2
0,1,0,0.0,0,2023-05-29 00:00:00,637,2008998,3
0,1,0,473.58,1,2023-05-29 00:00:00,637,2008999,3
0,1,1,0.0,0,2023-05-29 00:00:00,637,2009000,4
0,1,1,737.402,1,2023-05-29 00:00:00,637,2009001,4
0,1,2,0.0,0,2023-05-29 00:00:00,637,2009002,61
0,1,2,11.541,1,2023-05-29 00:00:00,637,2009003,61
0,1,3,1.895,0,2023-05-29 00:00:00,637,2009004,5
0,1,3,6473.208,1,2023-05-29 00:00:00,637,2009005,5
0,0,1,1.641,0,2023-05-29 01:00:00,637,2009122,0
0,0,1,430.118,1,2023-05-29 01:00:00,637,2009123,0
0,0,2,0.0,0,2023-05-29 01:00:00,637,2009124,1
0,0,2,2.89,1,2023-05-29 01:00:00,637,2009125,1
0,0,3,13.702,0,2023-05-29 01:00:00,637,2009126,2
0,0,3,1154.92,1,2023-05-29 01:00:00,637,2009127,2
0,1,0,0.0,0,2023-05-29 01:00:00,637,2009128,3
0,1,0,456.02,1,2023-05-29 01:00:00,637,2009129,3
0,1,1,0.0,0,2023-05-29 01:00:00,637,2009130,4
0,1,1,709.664,1,2023-05-29 01:00:00,637,2009131,4
0,1,2,0.0,0,2023-05-29 01:00:00,637,2009132,61
0,1,2,7.561,1,2023-05-29 01:00:00,637,2009133,61
0,1,3,8.308,0,2023-05-29 01:00:00,637,2009134,5
0,1,3,6341.226,1,2023-05-29 01:00:00,637,2009135,5
0,0,1,1.965,0,2023-05-29 02:00:00,637,2009252,0
0,0,1,418.959,1,2023-05-29 02:00:00,637,2009253,0
0,0,2,0.0,0,2023-05-29 02:00:00,637,2009254,1
0,0,2,3.892,1,2023-05-29 02:00:00,637,2009255,1
0,0,3,11.553,0,2023-05-29 02:00:00,637,2009256,2
0,0,3,1210.238,1,2023-05-29 02:00:00,637,2009257,2
0,1,0,0.0,0,2023-05-29 02:00:00,637,2009258,3
0,1,0,451.925,1,2023-05-29 02:00:00,637,2009259,3
0,1,1,0.0,0,2023-05-29 02:00:00,637,2009260,4
0,1,1,679.975,1,2023-05-29 02:00:00,637,2009261,4
0,1,2,0.0,0,2023-05-29 02:00:00,637,2009262,61
0,1,2,10.121,1,2023-05-29 02:00:00,637,2009263,61
0,1,3,1.47,0,2023-05-29 02:00:00,637,2009264,5
0,1,3,6515.542,1,2023-05-29 02:00:00,637,2009265,5
0,0,1,1.305,0,2023-05-29 03:00:00,637,2009382,0
0,0,1,420.052,1,2023-05-29 03:00:00,637,2009383,0
0,0,2,0.0,0,2023-05-29 03:00:00,637,2009384,1
0,0,2,3.555,1,2023-05-29 03:00:00,637,2009385,1
0,0,3,8.972,0,2023-05-29 03:00:00,637,2009386,2
0,0,3,1195.414,1,2023-05-29 03:00:00,637,2009387,2
0,1,0,0.0,0,2023-05-29 03:00:00,637,2009388,3
0,1,0,444.913,1,2023-05-29 03:00:00,637,2009389,3
0,1,1,0.0,0,2023-05-29 03:00:00,637,2009390,4
0,1,1,703.105,1,2023-05-29 03:00:00,637,2009391,4
0,1,2,0.0,0,2023-05-29 03:00:00,637,2009392,61
0,1,2,7.626,1,2023-05-29 03:00:00,637,2009393,61
0,1,3,2.282,0,2023-05-29 03:00:00,637,2009394,5
0,1,3,6402.224,1,2023-05-29 03:00:00,637,2009395,5
0,0,1,2.843,0,2023-05-29 04:00:00,637,2009512,0
0,0,1,397.32,1,2023-05-29 04:00:00,637,2009513,0
0,0,2,0.002,0,2023-05-29 04:00:00,637,2009514,1
0,0,2,2.716,1,2023-05-29 04:00:00,637,2009515,1
0,0,3,13.255,0,2023-05-29 04:00:00,637,2009516,2
0,0,3,1195.97,1,2023-05-29 04:00:00,637,2009517,2
0,1,0,0.169,0,2023-05-29 04:00:00,637,2009518,3
0,1,0,433.551,1,2023-05-29 04:00:00,637,2009519,3
0,1,1,0.424,0,2023-05-29 04:00:00,637,2009520,4
0,1,1,688.106,1,2023-05-29 04:00:00,637,2009521,4
0,1,2,0.016,0,2023-05-29 04:00:00,637,2009522,61
0,1,2,6.026,1,2023-05-29 04:00:00,637,2009523,61
0,1,3,4.912,0,2023-05-29 04:00:00,637,2009524,5
0,1,3,6156.535,1,2023-05-29 04:00:00,637,2009525,5
0,0,1,25.377,0,2023-05-29 05:00:00,637,2009642,0
0,0,1,329.214,1,2023-05-29 05:00:00,637,2009643,0
0,0,2,0.224,0,2023-05-29 05:00:00,637,2009644,1
0,0,2,4.088,1,2023-05-29 05:00:00,637,2009645,1
0,0,3,92.7,0,2023-05-29 05:00:00,637,2009646,2
0,0,3,852.597,1,2023-05-29 05:00:00,637,2009647,2
0,1,0,2.672,0,2023-05-29 05:00:00,637,2009648,3
0,1,0,451.118,1,2023-05-29 05:00:00,637,2009649,3
0,1,1,7.262,0,2023-05-29 05:00:00,637,2009650,4
0,1,1,724.11,1,2023-05-29 05:00:00,637,2009651,4
0,1,2,0.455,0,2023-05-29 05:00:00,637,2009652,61
0,1,2,8.167,1,2023-05-29 05:00:00,637,2009653,61
0,1,3,49.56,0,2023-05-29 05:00:00,637,2009654,5
0,1,3,5819.958,1,2023-05-29 05:00:00,637,2009655,5
0,0,1,148.925,0,2023-05-29 06:00:00,637,2009772,0
0,0,1,317.01,1,2023-05-29 06:00:00,637,2009773,0
0,0,2,0.924,0,2023-05-29 06:00:00,637,2009774,1
0,0,2,1.263,1,2023-05-29 06:00:00,637,2009775,1
0,0,3,554.261,0,2023-05-29 06:00:00,637,2009776,2
0,0,3,661.125,1,2023-05-29 06:00:00,637,2009777,2
0,1,0,15.685,0,2023-05-29 06:00:00,637,2009778,3
0,1,0,531.117,1,2023-05-29 06:00:00,637,2009779,3
0,1,1,41.608,0,2023-05-29 06:00:00,637,2009780,4
0,1,1,710.611,1,2023-05-29 06:00:00,637,2009781,4
0,1,2,3.054,0,2023-05-29 06:00:00,637,2009782,61
0,1,2,4.331,1,2023-05-29 06:00:00,637,2009783,61
0,1,3,295.535,0,2023-05-29 06:00:00,637,2009784,5
0,1,3,6048.134,1,2023-05-29 06:00:00,637,2009785,5
0,0,1,442.301,0,2023-05-29 07:00:00,637,2009902,0
0,0,1,262.039,1,2023-05-29 07:00:00,637,2009903,0
0,0,2,3.071,0,2023-05-29 07:00:00,637,2009904,1
0,0,2,2.33,1,2023-05-29 07:00:00,637,2009905,1
0,0,3,1574.582,0,2023-05-29 07:00:00,637,2009906,2
0,0,3,623.852,1,2023-05-29 07:00:00,637,2009907,2
0,1,0,51.626,0,2023-05-29 07:00:00,637,2009908,3
0,1,0,625.88,1,2023-05-29 07:00:00,637,2009909,3
0,1,1,128.954,0,2023-05-29 07:00:00,637,2009910,4
0,1,1,721.75,1,2023-05-29 07:00:00,637,2009911,4
0,1,2,4.801,0,2023-05-29 07:00:00,637,2009912,61
0,1,2,9.086,1,2023-05-29 07:00:00,637,2009913,61
0,1,3,909.678,0,2023-05-29 07:00:00,637,2009914,5
0,1,3,6936.152,1,2023-05-29 07:00:00,637,2009915,5
0,0,1,1076.342,0,2023-05-29 08:00:00,637,2010032,0
0,0,1,169.783,1,2023-05-29 08:00:00,637,2010033,0
0,0,2,8.01,0,2023-05-29 08:00:00,637,2010034,1
0,0,2,0.899,1,2023-05-29 08:00:00,637,2010035,1
0,0,3,3765.586,0,2023-05-29 08:00:00,637,2010036,2
0,0,3,393.247,1,2023-05-29 08:00:00,637,2010037,2
0,1,0,97.959,0,2023-05-29 08:00:00,637,2010038,3
0,1,0,631.346,1,2023-05-29 08:00:00,637,2010039,3
0,1,1,368.596,0,2023-05-29 08:00:00,637,2010040,4
0,1,1,588.779,1,2023-05-29 08:00:00,637,2010041,4
0,1,2,10.734,0,2023-05-29 08:00:00,637,2010042,61
0,1,2,5.607,1,2023-05-29 08:00:00,637,2010043,61
0,1,3,2505.764,0,2023-05-29 08:00:00,637,2010044,5
0,1,3,6952.17,1,2023-05-29 08:00:00,637,2010045,5
0,0,1,1827.962,0,2023-05-29 09:00:00,637,2010162,0
0,0,1,112.297,1,2023-05-29 09:00:00,637,2010163,0
0,0,2,14.715,0,2023-05-29 09:00:00,637,2010164,1
0,0,2,1.01,1,2023-05-29 09:00:00,637,2010165,1
0,0,3,6284.646,0,2023-05-29 09:00:00,637,2010166,2
0,0,3,247.965,1,2023-05-29 09:00:00,637,2010167,2
0,1,0,144.623,0,2023-05-29 09:00:00,637,2010168,3
0,1,0,773.209,1,2023-05-29 09:00:00,637,2010169,3
0,1,1,632.415,0,2023-05-29 09:00:00,637,2010170,4
0,1,1,491.075,1,2023-05-29 09:00:00,637,2010171,4
0,1,2,30.556,0,2023-05-29 09:00:00,637,2010172,61
0,1,2,0.594,1,2023-05-29 09:00:00,637,2010173,61
0,1,3,4371.957,0,2023-05-29 09:00:00,637,2010174,5
0,1,3,6845.311,1,2023-05-29 09:00:00,637,2010175,5
0,0,1,2527.396,0,2023-05-29 10:00:00,637,2010292,0
0,0,1,87.94,1,2023-05-29 10:00:00,637,2010293,0
0,0,2,21.257,0,2023-05-29 10:00:00,637,2010294,1
0,0,2,1.771,1,2023-05-29 10:00:00,637,2010295,1
0,0,3,8441.884,0,2023-05-29 10:00:00,637,2010296,2
0,0,3,179.744,1,2023-05-29 10:00:00,637,2010297,2
0,1,0,271.328,0,2023-05-29 10:00:00,637,2010298,3
0,1,0,742.108,1,2023-05-29 10:00:00,637,2010299,3
0,1,1,853.0,0,2023-05-29 10:00:00,637,2010300,4
0,1,1,419.178,1,2023-05-29 10:00:00,637,2010301,4
0,1,2,42.2,0,2023-05-29 10:00:00,637,2010302,61
0,1,2,0.3,1,2023-05-29 10:00:00,637,2010303,61
0,1,3,6188.314,0,2023-05-29 10:00:00,637,2010304,5
0,1,3,6229.863,1,2023-05-29 10:00:00,637,2010305,5
0,0,1,3011.012,0,2023-05-29 11:00:00,637,2010422,0
0,0,1,79.399,1,2023-05-29 11:00:00,637,2010423,0
0,0,2,23.624,0,2023-05-29 11:00:00,637,2010424,1
0,0,2,2.181,1,2023-05-29 11:00:00,637,2010425,1
0,0,3,9911.65,0,2023-05-29 11:00:00,637,2010426,2
0,0,3,183.21,1,2023-05-29 11:00:00,637,2010427,2
0,1,0,333.98,0,2023-05-29 11:00:00,637,2010428,3
0,1,0,611.423,1,2023-05-29 11:00:00,637,2010429,3
0,1,1,993.828,0,2023-05-29 11:00:00,637,2010430,4
0,1,1,395.852,1,2023-05-29 11:00:00,637,2010431,4
0,1,2,52.573,0,2023-05-29 11:00:00,637,2010432,61
0,1,2,1.407,1,2023-05-29 11:00:00,637,2010433,61
0,1,3,7205.865,0,2023-05-29 11:00:00,637,2010434,5
0,1,3,5948.469,1,2023-05-29 11:00:00,637,2010435,5
0,0,1,3296.742,0,2023-05-29 12:00:00,637,2010552,0
0,0,1,65.833,1,2023-05-29 12:00:00,637,2010553,0
0,0,2,24.54,0,2023-05-29 12:00:00,637,2010554,1
0,0,2,1.116,1,2023-05-29 12:00:00,637,2010555,1
0,0,3,10797.395,0,2023-05-29 12:00:00,637,2010556,2
0,0,3,164.8,1,2023-05-29 12:00:00,637,2010557,2
0,1,0,334.184,0,2023-05-29 12:00:00,637,2010558,3
0,1,0,570.437,1,2023-05-29 12:00:00,637,2010559,3
0,1,1,1202.104,0,2023-05-29 12:00:00,637,2010560,4
0,1,1,330.602,1,2023-05-29 12:00:00,637,2010561,4
0,1,2,55.477,0,2023-05-29 12:00:00,637,2010562,61
0,1,2,0.201,1,2023-05-29 12:00:00,637,2010563,61
0,1,3,7961.808,0,2023-05-29 12:00:00,637,2010564,5
0,1,3,5421.133,1,2023-05-29 12:00:00,637,2010565,5
0,0,1,3380.68,0,2023-05-29 13:00:00,637,2010682,0
0,0,1,58.816,1,2023-05-29 13:00:00,637,2010683,0
0,0,2,24.909,0,2023-05-29 13:00:00,637,2010684,1
0,0,2,0.985,1,2023-05-29 13:00:00,637,2010685,1
0,0,3,11146.496,0,2023-05-29 13:00:00,637,2010686,2
0,0,3,150.071,1,2023-05-29 13:00:00,637,2010687,2
0,1,0,344.31,0,2023-05-29 13:00:00,637,2010688,3
0,1,0,601.759,1,2023-05-29 13:00:00,637,2010689,3
0,1,1,1136.722,0,2023-05-29 13:00:00,637,2010690,4
0,1,1,357.64,1,2023-05-29 13:00:00,637,2010691,4
0,1,2,62.646,0,2023-05-29 13:00:00,637,2010692,61
0,1,2,0.1,1,2023-05-29 13:00:00,637,2010693,61
0,1,3,7935.63,0,2023-05-29 13:00:00,637,2010694,5
0,1,3,5700.788,1,2023-05-29 13:00:00,637,2010695,5
0,0,1,3300.124,0,2023-05-29 14:00:00,637,2010812,0
0,0,1,68.537,1,2023-05-29 14:00:00,637,2010813,0
0,0,2,23.295,0,2023-05-29 14:00:00,637,2010814,1
0,0,2,1.391,1,2023-05-29 14:00:00,637,2010815,1
0,0,3,10905.05,0,2023-05-29 14:00:00,637,2010816,2
0,0,3,151.527,1,2023-05-29 14:00:00,637,2010817,2
0,1,0,354.835,0,2023-05-29 14:00:00,637,2010818,3
0,1,0,685.688,1,2023-05-29 14:00:00,637,2010819,3
0,1,1,1112.475,0,2023-05-29 14:00:00,637,2010820,4
0,1,1,342.876,1,2023-05-29 14:00:00,637,2010821,4
0,1,2,59.991,0,2023-05-29 14:00:00,637,2010822,61
0,1,2,0.5,1,2023-05-29 14:00:00,637,2010823,61
0,1,3,7871.976,0,2023-05-29 14:00:00,637,2010824,5
0,1,3,5715.622,1,2023-05-29 14:00:00,637,2010825,5
0,0,1,3021.261,0,2023-05-29 15:00:00,637,2010942,0
0,0,1,80.552,1,2023-05-29 15:00:00,637,2010943,0
0,0,2,23.616,0,2023-05-29 15:00:00,637,2010944,1
0,0,2,0.881,1,2023-05-29 15:00:00,637,2010945,1
0,0,3,9995.81,0,2023-05-29 15:00:00,637,2010946,2
0,0,3,180.917,1,2023-05-29 15:00:00,637,2010947,2
0,1,0,326.099,0,2023-05-29 15:00:00,637,2010948,3
0,1,0,580.323,1,2023-05-29 15:00:00,637,2010949,3
0,1,1,1032.742,0,2023-05-29 15:00:00,637,2010950,4
0,1,1,349.289,1,2023-05-29 15:00:00,637,2010951,4
0,1,2,55.772,0,2023-05-29 15:00:00,637,2010952,61
0,1,2,0.1,1,2023-05-29 15:00:00,637,2010953,61
0,1,3,7097.998,0,2023-05-29 15:00:00,637,2010954,5
0,1,3,5984.651,1,2023-05-29 15:00:00,637,2010955,5
0,0,1,2462.091,0,2023-05-29 16:00:00,637,2011072,0
0,0,1,108.792,1,2023-05-29 16:00:00,637,2011073,0
0,0,2,18.479,0,2023-05-29 16:00:00,637,2011074,1
0,0,2,1.941,1,2023-05-29 16:00:00,637,2011075,1
0,0,3,8197.337,0,2023-05-29 16:00:00,637,2011076,2
0,0,3,241.712,1,2023-05-29 16:00:00,637,2011077,2
0,1,0,295.926,0,2023-05-29 16:00:00,637,2011078,3
0,1,0,567.223,1,2023-05-29 16:00:00,637,2011079,3
0,1,1,820.384,0,2023-05-29 16:00:00,637,2011080,4
0,1,1,408.149,1,2023-05-29 16:00:00,637,2011081,4
0,1,2,40.165,0,2023-05-29 16:00:00,637,2011082,61
0,1,2,0.719,1,2023-05-29 16:00:00,637,2011083,61
0,1,3,5713.615,0,2023-05-29 16:00:00,637,2011084,5
0,1,3,6131.185,1,2023-05-29 16:00:00,637,2011085,5
0,0,1,1736.991,0,2023-05-29 17:00:00,637,2011202,0
0,0,1,148.756,1,2023-05-29 17:00:00,637,2011203,0
0,0,2,13.492,0,2023-05-29 17:00:00,637,2011204,1
0,0,2,1.442,1,2023-05-29 17:00:00,637,2011205,1
0,0,3,5774.359,0,2023-05-29 17:00:00,637,2011206,2
0,0,3,379.334,1,2023-05-29 17:00:00,637,2011207,2
0,1,0,230.373,0,2023-05-29 17:00:00,637,2011208,3
0,1,0,556.292,1,2023-05-29 17:00:00,637,2011209,3
0,1,1,607.893,0,2023-05-29 17:00:00,637,2011210,4
0,1,1,478.045,1,2023-05-29 17:00:00,637,2011211,4
0,1,2,32.131,0,2023-05-29 17:00:00,637,2011212,61
0,1,2,1.804,1,2023-05-29 17:00:00,637,2011213,61
0,1,3,3952.399,0,2023-05-29 17:00:00,637,2011214,5
0,1,3,6707.269,1,2023-05-29 17:00:00,637,2011215,5
0,0,1,1045.48,0,2023-05-29 18:00:00,637,2011332,0
0,0,1,209.099,1,2023-05-29 18:00:00,637,2011333,0
0,0,2,7.019,0,2023-05-29 18:00:00,637,2011334,1
0,0,2,3.994,1,2023-05-29 18:00:00,637,2011335,1
0,0,3,3485.579,0,2023-05-29 18:00:00,637,2011336,2
0,0,3,530.701,1,2023-05-29 18:00:00,637,2011337,2
0,1,0,119.36,0,2023-05-29 18:00:00,637,2011338,3
0,1,0,563.116,1,2023-05-29 18:00:00,637,2011339,3
0,1,1,329.59,0,2023-05-29 18:00:00,637,2011340,4
0,1,1,657.168,1,2023-05-29 18:00:00,637,2011341,4
0,1,2,17.958,0,2023-05-29 18:00:00,637,2011342,61
0,1,2,3.784,1,2023-05-29 18:00:00,637,2011343,61
0,1,3,2092.877,0,2023-05-29 18:00:00,637,2011344,5
0,1,3,7525.624,1,2023-05-29 18:00:00,637,2011345,5
0,0,1,328.973,0,2023-05-29 19:00:00,637,2011462,0
0,0,1,367.135,1,2023-05-29 19:00:00,637,2011463,0
0,0,2,2.021,0,2023-05-29 19:00:00,637,2011464,1
0,0,2,2.894,1,2023-05-29 19:00:00,637,2011465,1
0,0,3,1144.143,0,2023-05-29 19:00:00,637,2011466,2
0,0,3,826.332,1,2023-05-29 19:00:00,637,2011467,2
0,1,0,34.957,0,2023-05-29 19:00:00,637,2011468,3
0,1,0,576.191,1,2023-05-29 19:00:00,637,2011469,3
0,1,1,94.337,0,2023-05-29 19:00:00,637,2011470,4
0,1,1,791.137,1,2023-05-29 19:00:00,637,2011471,4
0,1,2,4.482,0,2023-05-29 19:00:00,637,2011472,61
0,1,2,9.109,1,2023-05-29 19:00:00,637,2011473,61
0,1,3,647.168,0,2023-05-29 19:00:00,637,2011474,5
0,1,3,8969.478,1,2023-05-29 19:00:00,637,2011475,5
0,0,1,74.772,0,2023-05-29 20:00:00,637,2011592,0
0,0,1,469.458,1,2023-05-29 20:00:00,637,2011593,0
0,0,2,0.292,0,2023-05-29 20:00:00,637,2011594,1
0,0,2,3.952,1,2023-05-29 20:00:00,637,2011595,1
0,0,3,287.706,0,2023-05-29 20:00:00,637,2011596,2
0,0,3,1094.914,1,2023-05-29 20:00:00,637,2011597,2
0,1,0,8.04,0,2023-05-29 20:00:00,637,2011598,3
0,1,0,551.854,1,2023-05-29 20:00:00,637,2011599,3
0,1,1,19.25,0,2023-05-29 20:00:00,637,2011600,4
0,1,1,791.13,1,2023-05-29 20:00:00,637,2011601,4
0,1,2,0.708,0,2023-05-29 20:00:00,637,2011602,61
0,1,2,18.933,1,2023-05-29 20:00:00,637,2011603,61
0,1,3,160.885,0,2023-05-29 20:00:00,637,2011604,5
0,1,3,9151.791,1,2023-05-29 20:00:00,637,2011605,5
0,0,1,11.246,0,2023-05-29 21:00:00,637,2011722,0
0,0,1,580.554,1,2023-05-29 21:00:00,637,2011723,0
0,0,2,0.017,0,2023-05-29 21:00:00,637,2011724,1
0,0,2,6.673,1,2023-05-29 21:00:00,637,2011725,1
0,0,3,56.374,0,2023-05-29 21:00:00,637,2011726,2
0,0,3,1473.528,1,2023-05-29 21:00:00,637,2011727,2
0,1,0,0.598,0,2023-05-29 21:00:00,637,2011728,3
0,1,0,534.518,1,2023-05-29 21:00:00,637,2011729,3
0,1,1,1.193,0,2023-05-29 21:00:00,637,2011730,4
0,1,1,858.488,1,2023-05-29 21:00:00,637,2011731,4
0,1,2,0.143,0,2023-05-29 21:00:00,637,2011732,61
0,1,2,15.614,1,2023-05-29 21:00:00,637,2011733,61
0,1,3,31.075,0,2023-05-29 21:00:00,637,2011734,5
0,1,3,9049.024,1,2023-05-29 21:00:00,637,2011735,5
0,0,1,2.787,0,2023-05-29 22:00:00,637,2011852,0
0,0,1,624.87,1,2023-05-29 22:00:00,637,2011853,0
0,0,2,0.0,0,2023-05-29 22:00:00,637,2011854,1
0,0,2,7.348,1,2023-05-29 22:00:00,637,2011855,1
0,0,3,24.702,0,2023-05-29 22:00:00,637,2011856,2
0,0,3,1555.478,1,2023-05-29 22:00:00,637,2011857,2
0,1,0,0.0,0,2023-05-29 22:00:00,637,2011858,3
0,1,0,527.838,1,2023-05-29 22:00:00,637,2011859,3
0,1,1,0.0,0,2023-05-29 22:00:00,637,2011860,4
0,1,1,860.903,1,2023-05-29 22:00:00,637,2011861,4
0,1,2,0.0,0,2023-05-29 22:00:00,637,2011862,61
0,1,2,13.911,1,2023-05-29 22:00:00,637,2011863,61
0,1,3,6.059,0,2023-05-29 22:00:00,637,2011864,5
0,1,3,8445.729,1,2023-05-29 22:00:00,637,2011865,5
0,0,1,3.215,0,2023-05-29 23:00:00,637,2011982,0
0,0,1,523.269,1,2023-05-29 23:00:00,637,2011983,0
0,0,2,0.0,0,2023-05-29 23:00:00,637,2011984,1
0,0,2,4.548,1,2023-05-29 23:00:00,637,2011985,1
0,0,3,20.168,0,2023-05-29 23:00:00,637,2011986,2
0,0,3,1390.501,1,2023-05-29 23:00:00,637,2011987,2
0,1,0,0.0,0,2023-05-29 23:00:00,637,2011988,3
0,1,0,510.979,1,2023-05-29 23:00:00,637,2011989,3
0,1,1,0.0,0,2023-05-29 23:00:00,637,2011990,4
0,1,1,818.521,1,2023-05-29 23:00:00,637,2011991,4
0,1,2,0.0,0,2023-05-29 23:00:00,637,2011992,61
0,1,2,11.837,1,2023-05-29 23:00:00,637,2011993,61
0,1,3,4.636,0,2023-05-29 23:00:00,637,2011994,5
0,1,3,7606.526,1,2023-05-29 23:00:00,637,2011995,5
